分类: 央视, 名称: CCTV1, 总数: 237, 有效率: 0.00%, 有效: 0, IPv4: 237, IPv6: 0, 最小延迟: 320 ms, 最高速率: 0.19 MiB/s, 平均速率: 0.00 MiB/s, 最高分辨率: —, 平均帧率: 未知, 视频编解码器: 未知, 音频编解码器: 未知
分类: 央视, 名称: CCTV2, 总数: 236, 有效率: 1.69%, 有效: 4, IPv4: 236, IPv6: 0, 最小延迟: 32 ms, 最高速率: 18.27 MiB/s, 平均速率: 10.77 MiB/s, 最高分辨率: 1280x720, 平均帧率: 25.0, 视频编解码器: h264, 音频编解码器: aac
分类: 央视, 名称: CCTV3, 总数: 227, 有效率: 3.08%, 有效: 7, IPv4: 227, IPv6: 0, 最小延迟: 34 ms, 最高速率: 9.90 MiB/s, 平均速率: 4.64 MiB/s, 最高分辨率: 1920x1080, 平均帧率: 28.89, 视频编解码器: h264, 音频编解码器: aac
分类: 央视, 名称: CCTV4, 总数: 276, 有效率: 2.17%, 有效: 6, IPv4: 276, IPv6: 0, 最小延迟: 6 ms, 最高速率: 72.72 MiB/s, 平均速率: 5.85 MiB/s, 最高分辨率: 1920x1080, 平均帧率: 25.0, 视频编解码器: h264, 音频编解码器: aac
分类: 央视, 名称: CCTV5, 总数: 230, 有效率: 3.48%, 有效: 8, IPv4: 230, IPv6: 0, 最小延迟: 52 ms, 最高速率: 12.08 MiB/s, 平均速率: 4.96 MiB/s, 最高分辨率: 1920x1080, 平均帧率: 33.75, 视频编解码器: h264, 音频编解码器: aac
分类: 央视, 名称: CCTV5+, 总数: 131, 有效率: 3.05%, 有效: 4, IPv4: 131, IPv6: 0, 最小延迟: 37 ms, 最高速率: 12.58 MiB/s, 平均速率: 8.64 MiB/s, 最高分辨率: 1280x720, 平均帧率: 25.0, 视频编解码器: h264, 音频编解码器: aac
分类: 央视, 名称: CCTV6, 总数: 217, 有效率: 3.23%, 有效: 7, IPv4: 217, IPv6: 0, 最小延迟: 39 ms, 最高速率: 8.66 MiB/s, 平均速率: 3.72 MiB/s, 最高分辨率: 1920x1080, 平均帧率: 30.0, 视频编解码器: h264, 音频编解码器: aac
分类: 央视, 名称: CCTV7, 总数: 221, 有效率: 1.36%, 有效: 3, IPv4: 221, IPv6: 0, 最小延迟: 32 ms, 最高速率: 6.39 MiB/s, 平均速率: 4.58 MiB/s, 最高分辨率: 1280x720, 平均帧率: 36.67, 视频编解码器: h264, 音频编解码器: aac
分类: 央视, 名称: CCTV8, 总数: 217, 有效率: 4.15%, 有效: 9, IPv4: 217, IPv6: 0, 最小延迟: 37 ms, 最高速率: 11.90 MiB/s, 平均速率: 4.63 MiB/s, 最高分辨率: 1280x720, 平均帧率: 28.5, 视频编解码器: h264, 音频编解码器: aac
分类: 央视, 名称: CCTV9, 总数: 216, 有效率: 2.31%, 有效: 5, IPv4: 216, IPv6: 0, 最小延迟: 58 ms, 最高速率: 5.75 MiB/s, 平均速率: 3.79 MiB/s, 最高分辨率: 1920x1080, 平均帧率: 25.0, 视频编解码器: h264, 音频编解码器: aac
分类: 央视, 名称: CCTV10, 总数: 220, 有效率: 3.64%, 有效: 8, IPv4: 220, IPv6: 0, 最小延迟: 4 ms, 最高速率: 55.16 MiB/s, 平均速率: 3.08 MiB/s, 最高分辨率: 1920x1080, 平均帧率: 25.0, 视频编解码器: h264, 音频编解码器: aac
分类: 央视, 名称: CCTV11, 总数: 208, 有效率: 2.88%, 有效: 6, IPv4: 208, IPv6: 0, 最小延迟: 6 ms, 最高速率: 76.63 MiB/s, 平均速率: 2.41 MiB/s, 最高分辨率: 1920x1080, 平均帧率: 25.0, 视频编解码器: h264, 音频编解码器: aac
分类: 央视, 名称: CCTV12, 总数: 208, 有效率: 5.29%, 有效: 11, IPv4: 208, IPv6: 0, 最小延迟: 4 ms, 最高速率: 69.52 MiB/s, 平均速率: 6.91 MiB/s, 最高分辨率: 1920x1080, 平均帧率: 31.43, 视频编解码器: h264, 音频编解码器: aac
分类: 央视, 名称: CCTV13, 总数: 215, 有效率: 2.79%, 有效: 6, IPv4: 215, IPv6: 0, 最小延迟: 48 ms, 最高速率: 3.45 MiB/s, 平均速率: 2.17 MiB/s, 最高分辨率: 1920x1080, 平均帧率: 25.0, 视频编解码器: h264, 音频编解码器: aac
分类: 央视, 名称: CCTV14, 总数: 213, 有效率: 3.76%, 有效: 8, IPv4: 213, IPv6: 0, 最小延迟: 32 ms, 最高速率: 14.43 MiB/s, 平均速率: 7.68 MiB/s, 最高分辨率: 1280x720, 平均帧率: 25.0, 视频编解码器: h264, 音频编解码器: aac
分类: 央视, 名称: CCTV15, 总数: 201, 有效率: 4.98%, 有效: 10, IPv4: 201, IPv6: 0, 最小延迟: 33 ms, 最高速率: 21.41 MiB/s, 平均速率: 7.72 MiB/s, 最高分辨率: 1920x1080, 平均帧率: 27.27, 视频编解码器: h264, 音频编解码器: aac
分类: 央视, 名称: CCTV16, 总数: 82, 有效率: 3.66%, 有效: 3, IPv4: 82, IPv6: 0, 最小延迟: 98 ms, 最高速率: 5.87 MiB/s, 平均速率: 4.17 MiB/s, 最高分辨率: 1920x1080, 平均帧率: 25.0, 视频编解码器: h264, 音频编解码器: aac
分类: 央视, 名称: CCTV17, 总数: 121, 有效率: 3.31%, 有效: 4, IPv4: 121, IPv6: 0, 最小延迟: 32 ms, 最高速率: 9.67 MiB/s, 平均速率: 7.14 MiB/s, 最高分辨率: 1920x1080, 平均帧率: 26.25, 视频编解码器: h264, 音频编解码器: aac
分类: 央视, 名称: CCTV4K, 总数: 16, 有效率: 6.25%, 有效: 1, IPv4: 16, IPv6: 0, 最小延迟: 178 ms, 最高速率: 0.77 MiB/s, 平均速率: 0.77 MiB/s, 最高分辨率: 1920x1080, 平均帧率: 25.0, 视频编解码器: h264, 音频编解码器: aac
分类: 央视, 名称: CCTV8K, 总数: 4, 有效率: 0.00%, 有效: 0, IPv4: 4, IPv6: 0, 最小延迟: — ms, 最高速率: 0.00 MiB/s, 平均速率: 0.00 MiB/s, 最高分辨率: —, 平均帧率: 未知, 视频编解码器: 未知, 音频编解码器: 未知
分类: 央视, 名称: CETV1, 总数: 66, 有效率: 3.03%, 有效: 2, IPv4: 66, IPv6: 0, 最小延迟: 48 ms, 最高速率: 10.45 MiB/s, 平均速率: 5.60 MiB/s, 最高分辨率: 1920x1080, 平均帧率: 25.0, 视频编解码器: h264, 音频编解码器: aac
分类: 央视, 名称: CETV2, 总数: 50, 有效率: 0.00%, 有效: 0, IPv4: 50, IPv6: 0, 最小延迟: 48 ms, 最高速率: 8.63 MiB/s, 平均速率: 0.00 MiB/s, 最高分辨率: 720x576, 平均帧率: 25.0, 视频编解码器: h264, 音频编解码器: aac
分类: 央视, 名称: CETV3, 总数: 4, 有效率: 0.00%, 有效: 0, IPv4: 4, IPv6: 0, 最小延迟: 33 ms, 最高速率: 23.48 MiB/s, 平均速率: 0.00 MiB/s, 最高分辨率: 720x576, 平均帧率: 25.0, 视频编解码器: h264, 音频编解码器: aac
分类: 央视, 名称: CETV4, 总数: 55, 有效率: 0.00%, 有效: 0, IPv4: 55, IPv6: 0, 最小延迟: 48 ms, 最高速率: 10.99 MiB/s, 平均速率: 0.00 MiB/s, 最高分辨率: 720x576, 平均帧率: 25.0, 视频编解码器: h264, 音频编解码器: aac
分类: 央视, 名称: CHC家庭影院, 总数: 51, 有效率: 5.88%, 有效: 3, IPv4: 51, IPv6: 0, 最小延迟: 32 ms, 最高速率: 6.79 MiB/s, 平均速率: 4.87 MiB/s, 最高分辨率: 1920x1080, 平均帧率: 26.67, 视频编解码器: h264, 音频编解码器: aac
分类: 央视, 名称: CHC动作电影, 总数: 50, 有效率: 6.00%, 有效: 3, IPv4: 50, IPv6: 0, 最小延迟: 47 ms, 最高速率: 14.94 MiB/s, 平均速率: 7.50 MiB/s, 最高分辨率: 1920x1080, 平均帧率: 36.67, 视频编解码器: h264, 音频编解码器: aac
分类: 央视, 名称: CHC影迷电影, 总数: 43, 有效率: 6.98%, 有效: 3, IPv4: 43, IPv6: 0, 最小延迟: 32 ms, 最高速率: 15.40 MiB/s, 平均速率: 11.33 MiB/s, 最高分辨率: 1280x720, 平均帧率: 36.67, 视频编解码器: h264, 音频编解码器: aac
分类: 央视, 名称: 爱上4K, 总数: 2, 有效率: 0.00%, 有效: 0, IPv4: 2, IPv6: 0, 最小延迟: — ms, 最高速率: 0.00 MiB/s, 平均速率: 0.00 MiB/s, 最高分辨率: —, 平均帧率: 未知, 视频编解码器: 未知, 音频编解码器: 未知
分类: 央视, 名称: 重温经典, 总数: 27, 有效率: 11.11%, 有效: 3, IPv4: 27, IPv6: 0, 最小延迟: 33 ms, 最高速率: 10.52 MiB/s, 平均速率: 5.47 MiB/s, 最高分辨率: 1280x720, 平均帧率: 25.0, 视频编解码器: h264, 音频编解码器: aac
分类: 央视, 名称: 央视台球, 总数: 7, 有效率: 0.00%, 有效: 0, IPv4: 7, IPv6: 0, 最小延迟: 214 ms, 最高速率: 0.00 MiB/s, 平均速率: 0.00 MiB/s, 最高分辨率: —, 平均帧率: 未知, 视频编解码器: 未知, 音频编解码器: 未知
分类: 央视, 名称: 风云足球, 总数: 13, 有效率: 0.00%, 有效: 0, IPv4: 13, IPv6: 0, 最小延迟: — ms, 最高速率: 0.00 MiB/s, 平均速率: 0.00 MiB/s, 最高分辨率: —, 平均帧率: 未知, 视频编解码器: 未知, 音频编解码器: 未知
分类: 央视, 名称: 风云剧场, 总数: 10, 有效率: 10.00%, 有效: 1, IPv4: 10, IPv6: 0, 最小延迟: 32 ms, 最高速率: 27.47 MiB/s, 平均速率: 27.47 MiB/s, 最高分辨率: 1920x1080, 平均帧率: 25.0, 视频编解码器: h264, 音频编解码器: aac
分类: 央视, 名称: 风云音乐, 总数: 14, 有效率: 0.00%, 有效: 0, IPv4: 14, IPv6: 0, 最小延迟: — ms, 最高速率: 0.00 MiB/s, 平均速率: 0.00 MiB/s, 最高分辨率: —, 平均帧率: 未知, 视频编解码器: 未知, 音频编解码器: 未知
分类: 央视, 名称: 第一剧场, 总数: 15, 有效率: 0.00%, 有效: 0, IPv4: 15, IPv6: 0, 最小延迟: 215 ms, 最高速率: 0.00 MiB/s, 平均速率: 0.00 MiB/s, 最高分辨率: —, 平均帧率: 未知, 视频编解码器: 未知, 音频编解码器: 未知
分类: 央视, 名称: 兵器科技, 总数: 7, 有效率: 14.29%, 有效: 1, IPv4: 7, IPv6: 0, 最小延迟: 34 ms, 最高速率: 3.13 MiB/s, 平均速率: 3.13 MiB/s, 最高分辨率: 1280x720, 平均帧率: 30.0, 视频编解码器: h264, 音频编解码器: aac
分类: 央视, 名称: 世界地理, 总数: 5, 有效率: 0.00%, 有效: 0, IPv4: 5, IPv6: 0, 最小延迟: — ms, 最高速率: 0.00 MiB/s, 平均速率: 0.00 MiB/s, 最高分辨率: —, 平均帧率: 未知, 视频编解码器: 未知, 音频编解码器: 未知
分类: 央视, 名称: 女性时尚, 总数: 8, 有效率: 0.00%, 有效: 0, IPv4: 8, IPv6: 0, 最小延迟: — ms, 最高速率: 0.00 MiB/s, 平均速率: 0.00 MiB/s, 最高分辨率: —, 平均帧率: 未知, 视频编解码器: 未知, 音频编解码器: 未知
分类: 央视, 名称: 高尔夫网球, 总数: 4, 有效率: 0.00%, 有效: 0, IPv4: 4, IPv6: 0, 最小延迟: 23 ms, 最高速率: 0.00 MiB/s, 平均速率: 0.00 MiB/s, 最高分辨率: —, 平均帧率: 未知, 视频编解码器: 未知, 音频编解码器: 未知
分类: 央视, 名称: 怀旧剧场, 总数: 12, 有效率: 0.00%, 有效: 0, IPv4: 12, IPv6: 0, 最小延迟: 213 ms, 最高速率: 0.00 MiB/s, 平均速率: 0.00 MiB/s, 最高分辨率: —, 平均帧率: 未知, 视频编解码器: 未知, 音频编解码器: 未知
分类: 央视, 名称: 央视文化精品, 总数: 3, 有效率: 0.00%, 有效: 0, IPv4: 3, IPv6: 0, 最小延迟: — ms, 最高速率: 0.00 MiB/s, 平均速率: 0.00 MiB/s, 最高分辨率: —, 平均帧率: 未知, 视频编解码器: 未知, 音频编解码器: 未知
分类: 央视, 名称: 电视指南, 总数: 6, 有效率: 0.00%, 有效: 0, IPv4: 6, IPv6: 0, 最小延迟: — ms, 最高速率: 0.00 MiB/s, 平均速率: 0.00 MiB/s, 最高分辨率: —, 平均帧率: 未知, 视频编解码器: 未知, 音频编解码器: 未知
分类: 央视, 名称: 老故事, 总数: 36, 有效率: 0.00%, 有效: 0, IPv4: 36, IPv6: 0, 最小延迟: 214 ms, 最高速率: 0.02 MiB/s, 平均速率: 0.00 MiB/s, 最高分辨率: —, 平均帧率: 未知, 视频编解码器: 未知, 音频编解码器: 未知
分类: 央视, 名称: 发现之旅, 总数: 33, 有效率: 0.00%, 有效: 0, IPv4: 33, IPv6: 0, 最小延迟: 212 ms, 最高速率: 0.02 MiB/s, 平均速率: 0.00 MiB/s, 最高分辨率: —, 平均帧率: 未知, 视频编解码器: 未知, 音频编解码器: 未知
分类: 央视, 名称: 国学频道, 总数: 9, 有效率: 33.33%, 有效: 3, IPv4: 9, IPv6: 0, 最小延迟: 36 ms, 最高速率: 28.18 MiB/s, 平均速率: 13.28 MiB/s, 最高分辨率: 1920x1080, 平均帧率: 25.0, 视频编解码器: h264, 音频编解码器: aac
分类: 央视, 名称: 天元围棋, 总数: 6, 有效率: 66.67%, 有效: 4, IPv4: 6, IPv6: 0, 最小延迟: 32 ms, 最高速率: 33.93 MiB/s, 平均速率: 18.88 MiB/s, 最高分辨率: 1920x1080, 平均帧率: 25.0, 视频编解码器: h264, 音频编解码器: aac
分类: 央视, 名称: 优漫卡通, 总数: 42, 有效率: 0.00%, 有效: 0, IPv4: 42, IPv6: 0, 最小延迟: 48 ms, 最高速率: 11.42 MiB/s, 平均速率: 0.00 MiB/s, 最高分辨率: 720x576, 平均帧率: 25.0, 视频编解码器: h264, 音频编解码器: aac
分类: 地方, 名称: 湖南卫视, 总数: 214, 有效率: 4.21%, 有效: 9, IPv4: 214, IPv6: 0, 最小延迟: 3 ms, 最高速率: 29.53 MiB/s, 平均速率: 15.69 MiB/s, 最高分辨率: 1920x1080, 平均帧率: 27.78, 视频编解码器: h264, 音频编解码器: aac
分类: 地方, 名称: 湖南经视, 总数: 12, 有效率: 8.33%, 有效: 1, IPv4: 12, IPv6: 0, 最小延迟: 434 ms, 最高速率: 0.73 MiB/s, 平均速率: 0.73 MiB/s, 最高分辨率: —, 平均帧率: 50.0, 视频编解码器: h264, 音频编解码器: aac
分类: 地方, 名称: 湖南都市, 总数: 14, 有效率: 7.14%, 有效: 1, IPv4: 14, IPv6: 0, 最小延迟: 353 ms, 最高速率: 1.38 MiB/s, 平均速率: 1.38 MiB/s, 最高分辨率: —, 平均帧率: 50.0, 视频编解码器: h264, 音频编解码器: aac
分类: 地方, 名称: 湖南娱乐, 总数: 13, 有效率: 30.77%, 有效: 4, IPv4: 13, IPv6: 0, 最小延迟: 32 ms, 最高速率: 5.84 MiB/s, 平均速率: 3.44 MiB/s, 最高分辨率: 1920x1080, 平均帧率: 32.5, 视频编解码器: h264, 音频编解码器: aac
分类: 地方, 名称: 湖南电影, 总数: 10, 有效率: 10.00%, 有效: 1, IPv4: 10, IPv6: 0, 最小延迟: 1575 ms, 最高速率: 1.30 MiB/s, 平均速率: 1.30 MiB/s, 最高分辨率: —, 平均帧率: 50.0, 视频编解码器: h264, 音频编解码器: aac
分类: 地方, 名称: 湖南电视剧, 总数: 7, 有效率: 0.00%, 有效: 0, IPv4: 7, IPv6: 0, 最小延迟: 537 ms, 最高速率: 0.48 MiB/s, 平均速率: 0.00 MiB/s, 最高分辨率: 640x360, 平均帧率: 25.0, 视频编解码器: h264, 音频编解码器: aac
分类: 地方, 名称: 湖南爱晚, 总数: 7, 有效率: 0.00%, 有效: 0, IPv4: 7, IPv6: 0, 最小延迟: — ms, 最高速率: 0.00 MiB/s, 平均速率: 0.00 MiB/s, 最高分辨率: —, 平均帧率: 未知, 视频编解码器: 未知, 音频编解码器: 未知
分类: 地方, 名称: 湖南国际, 总数: 8, 有效率: 0.00%, 有效: 0, IPv4: 8, IPv6: 0, 最小延迟: — ms, 最高速率: 0.00 MiB/s, 平均速率: 0.00 MiB/s, 最高分辨率: —, 平均帧率: 未知, 视频编解码器: 未知, 音频编解码器: 未知
分类: 地方, 名称: 金鹰纪实, 总数: 35, 有效率: 0.00%, 有效: 0, IPv4: 35, IPv6: 0, 最小延迟: 186 ms, 最高速率: 0.00 MiB/s, 平均速率: 0.00 MiB/s, 最高分辨率: —, 平均帧率: 未知, 视频编解码器: 未知, 音频编解码器: 未知
分类: 地方, 名称: 金鹰卡通, 总数: 99, 有效率: 0.00%, 有效: 0, IPv4: 99, IPv6: 0, 最小延迟: 218 ms, 最高速率: 0.17 MiB/s, 平均速率: 0.00 MiB/s, 最高分辨率: —, 平均帧率: 未知, 视频编解码器: 未知, 音频编解码器: 未知
分类: 地方, 名称: 快乐垂钓, 总数: 24, 有效率: 0.00%, 有效: 0, IPv4: 24, IPv6: 0, 最小延迟: 213 ms, 最高速率: 0.10 MiB/s, 平均速率: 0.00 MiB/s, 最高分辨率: —, 平均帧率: 未知, 视频编解码器: 未知, 音频编解码器: 未知
分类: 地方, 名称: 长沙新闻, 总数: 4, 有效率: 0.00%, 有效: 0, IPv4: 4, IPv6: 0, 最小延迟: — ms, 最高速率: 0.00 MiB/s, 平均速率: 0.00 MiB/s, 最高分辨率: —, 平均帧率: 未知, 视频编解码器: 未知, 音频编解码器: 未知
分类: 地方, 名称: 长沙政法, 总数: 3, 有效率: 0.00%, 有效: 0, IPv4: 3, IPv6: 0, 最小延迟: — ms, 最高速率: 0.00 MiB/s, 平均速率: 0.00 MiB/s, 最高分辨率: —, 平均帧率: 未知, 视频编解码器: 未知, 音频编解码器: 未知
分类: 地方, 名称: 东方卫视, 总数: 214, 有效率: 3.27%, 有效: 7, IPv4: 214, IPv6: 0, 最小延迟: 33 ms, 最高速率: 29.13 MiB/s, 平均速率: 11.34 MiB/s, 最高分辨率: 1920x1080, 平均帧率: 25.0, 视频编解码器: h264, 音频编解码器: aac
分类: 地方, 名称: 浙江卫视, 总数: 201, 有效率: 2.49%, 有效: 5, IPv4: 201, IPv6: 0, 最小延迟: 31 ms, 最高速率: 28.79 MiB/s, 平均速率: 12.44 MiB/s, 最高分辨率: 1920x1080, 平均帧率: 32.0, 视频编解码器: h264, 音频编解码器: aac
分类: 地方, 名称: 江苏卫视, 总数: 223, 有效率: 3.59%, 有效: 8, IPv4: 223, IPv6: 0, 最小延迟: 35 ms, 最高速率: 37.00 MiB/s, 平均速率: 17.13 MiB/s, 最高分辨率: 1920x1080, 平均帧率: 25.62, 视频编解码器: h264, 音频编解码器: aac
分类: 地方, 名称: 广东卫视, 总数: 235, 有效率: 2.55%, 有效: 6, IPv4: 235, IPv6: 0, 最小延迟: 56 ms, 最高速率: 27.19 MiB/s, 平均速率: 12.67 MiB/s, 最高分辨率: 1920x1080, 平均帧率: 25.0, 视频编解码器: h264, 音频编解码器: aac
分类: 地方, 名称: 北京卫视, 总数: 202, 有效率: 2.97%, 有效: 6, IPv4: 202, IPv6: 0, 最小延迟: 44 ms, 最高速率: 17.74 MiB/s, 平均速率: 8.76 MiB/s, 最高分辨率: 1920x1080, 平均帧率: 25.0, 视频编解码器: h264, 音频编解码器: aac
分类: 地方, 名称: 天津卫视, 总数: 184, 有效率: 1.09%, 有效: 2, IPv4: 184, IPv6: 0, 最小延迟: 47 ms, 最高速率: 8.89 MiB/s, 平均速率: 5.80 MiB/s, 最高分辨率: 1920x1080, 平均帧率: 25.0, 视频编解码器: h264, 音频编解码器: aac
分类: 地方, 名称: 山东卫视, 总数: 196, 有效率: 2.55%, 有效: 5, IPv4: 196, IPv6: 0, 最小延迟: 35 ms, 最高速率: 6.92 MiB/s, 平均速率: 3.04 MiB/s, 最高分辨率: 1920x1080, 平均帧率: 25.0, 视频编解码器: h264, 音频编解码器: aac
分类: 地方, 名称: 安徽卫视, 总数: 180, 有效率: 2.22%, 有效: 4, IPv4: 180, IPv6: 0, 最小延迟: 34 ms, 最高速率: 9.50 MiB/s, 平均速率: 4.50 MiB/s, 最高分辨率: 1920x1080, 平均帧率: 25.0, 视频编解码器: h264, 音频编解码器: aac
分类: 地方, 名称: 辽宁卫视, 总数: 200, 有效率: 3.00%, 有效: 6, IPv4: 200, IPv6: 0, 最小延迟: 43 ms, 最高速率: 27.52 MiB/s, 平均速率: 11.77 MiB/s, 最高分辨率: 1920x1080, 平均帧率: 25.0, 视频编解码器: h264, 音频编解码器: aac
分类: 地方, 名称: 湖北卫视, 总数: 193, 有效率: 1.55%, 有效: 3, IPv4: 193, IPv6: 0, 最小延迟: 32 ms, 最高速率: 12.10 MiB/s, 平均速率: 6.72 MiB/s, 最高分辨率: 1920x1080, 平均帧率: 25.0, 视频编解码器: h264, 音频编解码器: aac
分类: 地方, 名称: 重庆卫视, 总数: 167, 有效率: 1.20%, 有效: 2, IPv4: 167, IPv6: 0, 最小延迟: 5 ms, 最高速率: 56.09 MiB/s, 平均速率: 4.69 MiB/s, 最高分辨率: 1920x1080, 平均帧率: 26.25, 视频编解码器: h264, 音频编解码器: aac
分类: 地方, 名称: 海南卫视, 总数: 104, 有效率: 0.00%, 有效: 0, IPv4: 104, IPv6: 0, 最小延迟: 58 ms, 最高速率: 0.17 MiB/s, 平均速率: 0.00 MiB/s, 最高分辨率: —, 平均帧率: 未知, 视频编解码器: 未知, 音频编解码器: 未知
分类: 地方, 名称: 四川卫视, 总数: 173, 有效率: 2.31%, 有效: 4, IPv4: 173, IPv6: 0, 最小延迟: 32 ms, 最高速率: 75.10 MiB/s, 平均速率: 36.58 MiB/s, 最高分辨率: 1920x1080, 平均帧率: 36.25, 视频编解码器: h264, 音频编解码器: aac
分类: 地方, 名称: 吉林卫视, 总数: 150, 有效率: 3.33%, 有效: 5, IPv4: 150, IPv6: 0, 最小延迟: 36 ms, 最高速率: 13.26 MiB/s, 平均速率: 4.76 MiB/s, 最高分辨率: 1920x1080, 平均帧率: 39.0, 视频编解码器: h264, 音频编解码器: aac
分类: 地方, 名称: 江西卫视, 总数: 198, 有效率: 3.03%, 有效: 6, IPv4: 198, IPv6: 0, 最小延迟: 54 ms, 最高速率: 31.36 MiB/s, 平均速率: 16.02 MiB/s, 最高分辨率: 1920x1080, 平均帧率: 26.67, 视频编解码器: h264, 音频编解码器: aac
分类: 地方, 名称: 黑龙江卫视, 总数: 166, 有效率: 1.20%, 有效: 2, IPv4: 166, IPv6: 0, 最小延迟: 32 ms, 最高速率: 9.99 MiB/s, 平均速率: 6.09 MiB/s, 最高分辨率: 1280x720, 平均帧率: 42.5, 视频编解码器: h264, 音频编解码器: aac
分类: 地方, 名称: 河南卫视, 总数: 181, 有效率: 2.21%, 有效: 4, IPv4: 181, IPv6: 0, 最小延迟: 62 ms, 最高速率: 2.24 MiB/s, 平均速率: 1.42 MiB/s, 最高分辨率: 1920x1080, 平均帧率: 35.83, 视频编解码器: h264, 音频编解码器: aac
分类: 地方, 名称: 云南卫视, 总数: 134, 有效率: 2.99%, 有效: 4, IPv4: 134, IPv6: 0, 最小延迟: 56 ms, 最高速率: 2.30 MiB/s, 平均速率: 1.63 MiB/s, 最高分辨率: 1920x1080, 平均帧率: 29.17, 视频编解码器: h264, 音频编解码器: aac
分类: 地方, 名称: 贵州卫视, 总数: 180, 有效率: 3.33%, 有效: 6, IPv4: 180, IPv6: 0, 最小延迟: 32 ms, 最高速率: 67.52 MiB/s, 平均速率: 23.61 MiB/s, 最高分辨率: 1920x1080, 平均帧率: 25.83, 视频编解码器: h264, 音频编解码器: aac
分类: 地方, 名称: 深圳卫视, 总数: 193, 有效率: 2.59%, 有效: 5, IPv4: 193, IPv6: 0, 最小延迟: 38 ms, 最高速率: 17.39 MiB/s, 平均速率: 7.49 MiB/s, 最高分辨率: 1920x1080, 平均帧率: 25.0, 视频编解码器: h264, 音频编解码器: aac
分类: 地方, 名称: 东南卫视, 总数: 156, 有效率: 1.28%, 有效: 2, IPv4: 156, IPv6: 0, 最小延迟: 43 ms, 最高速率: 5.34 MiB/s, 平均速率: 3.28 MiB/s, 最高分辨率: 1920x1080, 平均帧率: 26.25, 视频编解码器: h264, 音频编解码器: aac
分类: 地方, 名称: 广西卫视, 总数: 151, 有效率: 1.32%, 有效: 2, IPv4: 151, IPv6: 0, 最小延迟: 38 ms, 最高速率: 10.12 MiB/s, 平均速率: 6.41 MiB/s, 最高分辨率: 1920x1080, 平均帧率: 25.0, 视频编解码器: h264, 音频编解码器: aac
分类: 地方, 名称: 河北卫视, 总数: 171, 有效率: 2.92%, 有效: 5, IPv4: 171, IPv6: 0, 最小延迟: 54 ms, 最高速率: 6.57 MiB/s, 平均速率: 2.24 MiB/s, 最高分辨率: 1920x1080, 平均帧率: 39.0, 视频编解码器: h264, 音频编解码器: aac
分类: 地方, 名称: 山西卫视, 总数: 146, 有效率: 5.48%, 有效: 8, IPv4: 146, IPv6: 0, 最小延迟: 36 ms, 最高速率: 36.49 MiB/s, 平均速率: 11.87 MiB/s, 最高分辨率: 1920x1080, 平均帧率: 30.62, 视频编解码器: h264, 音频编解码器: aac
分类: 地方, 名称: 陕西卫视, 总数: 150, 有效率: 2.67%, 有效: 4, IPv4: 150, IPv6: 0, 最小延迟: 32 ms, 最高速率: 56.50 MiB/s, 平均速率: 17.29 MiB/s, 最高分辨率: 1920x1080, 平均帧率: 31.67, 视频编解码器: h264, 音频编解码器: aac
分类: 地方, 名称: 甘肃卫视, 总数: 107, 有效率: 3.74%, 有效: 4, IPv4: 107, IPv6: 0, 最小延迟: 57 ms, 最高速率: 11.34 MiB/s, 平均速率: 5.93 MiB/s, 最高分辨率: 1920x1080, 平均帧率: 25.0, 视频编解码器: h264, 音频编解码器: aac
分类: 地方, 名称: 宁夏卫视, 总数: 130, 有效率: 5.38%, 有效: 7, IPv4: 130, IPv6: 0, 最小延迟: 32 ms, 最高速率: 92.35 MiB/s, 平均速率: 16.85 MiB/s, 最高分辨率: 1920x1080, 平均帧率: 27.86, 视频编解码器: h264, 音频编解码器: aac
分类: 地方, 名称: 青海卫视, 总数: 122, 有效率: 0.00%, 有效: 0, IPv4: 122, IPv6: 0, 最小延迟: 51 ms, 最高速率: 0.43 MiB/s, 平均速率: 0.00 MiB/s, 最高分辨率: 1920x1080, 平均帧率: 25.0, 视频编解码器: h264, 音频编解码器: aac
分类: 地方, 名称: 内蒙古卫视, 总数: 104, 有效率: 3.85%, 有效: 4, IPv4: 104, IPv6: 0, 最小延迟: 48 ms, 最高速率: 52.42 MiB/s, 平均速率: 16.79 MiB/s, 最高分辨率: 1920x1080, 平均帧率: 33.0, 视频编解码器: h264, 音频编解码器: aac
分类: 地方, 名称: 西藏卫视, 总数: 93, 有效率: 2.15%, 有效: 2, IPv4: 93, IPv6: 0, 最小延迟: 32 ms, 最高速率: 60.46 MiB/s, 平均速率: 33.33 MiB/s, 最高分辨率: 1920x1080, 平均帧率: 45.0, 视频编解码器: h264, 音频编解码器: aac
分类: 地方, 名称: 新疆卫视, 总数: 99, 有效率: 4.04%, 有效: 4, IPv4: 99, IPv6: 0, 最小延迟: 32 ms, 最高速率: 70.48 MiB/s, 平均速率: 23.18 MiB/s, 最高分辨率: 1920x1080, 平均帧率: 33.0, 视频编解码器: h264, 音频编解码器: aac
分类: 地方, 名称: 厦门卫视, 总数: 48, 有效率: 4.17%, 有效: 2, IPv4: 48, IPv6: 0, 最小延迟: 32 ms, 最高速率: 26.55 MiB/s, 平均速率: 6.71 MiB/s, 最高分辨率: 1920x1080, 平均帧率: 26.25, 视频编解码器: h264, 音频编解码器: aac
分类: 地方, 名称: 兵团卫视, 总数: 93, 有效率: 1.08%, 有效: 1, IPv4: 93, IPv6: 0, 最小延迟: 32 ms, 最高速率: 25.43 MiB/s, 平均速率: 7.90 MiB/s, 最高分辨率: 1280x720, 平均帧率: 25.0, 视频编解码器: h264, 音频编解码器: aac
分类: 地方, 名称: 三沙卫视, 总数: 53, 有效率: 0.00%, 有效: 0, IPv4: 53, IPv6: 0, 最小延迟: 212 ms, 最高速率: 0.02 MiB/s, 平均速率: 0.00 MiB/s, 最高分辨率: —, 平均帧率: 未知, 视频编解码器: 未知, 音频编解码器: 未知
分类: 地方, 名称: 大湾区卫视, 总数: 65, 有效率: 7.69%, 有效: 5, IPv4: 65, IPv6: 0, 最小延迟: 33 ms, 最高速率: 11.42 MiB/s, 平均速率: 4.95 MiB/s, 最高分辨率: 1920x1080, 平均帧率: 25.0, 视频编解码器: h264, 音频编解码器: aac
分类: 地方, 名称: 苏州4K, 总数: 7, 有效率: 42.86%, 有效: 3, IPv4: 7, IPv6: 0, 最小延迟: 849 ms, 最高速率: 0.69 MiB/s, 平均速率: 0.55 MiB/s, 最高分辨率: 1920x1080, 平均帧率: 25.0, 视频编解码器: h264, 音频编解码器: aac
分类: 地方, 名称: 嘉佳卡通, 总数: 34, 有效率: 5.88%, 有效: 2, IPv4: 34, IPv6: 0, 最小延迟: 32 ms, 最高速率: 11.14 MiB/s, 平均速率: 2.08 MiB/s, 最高分辨率: 1280x720, 平均帧率: 25.0, 视频编解码器: h264, 音频编解码器: aac
分类: 地方, 名称: 山东教育, 总数: 32, 有效率: 3.12%, 有效: 1, IPv4: 32, IPv6: 0, 最小延迟: 219 ms, 最高速率: 0.21 MiB/s, 平均速率: 0.21 MiB/s, 最高分辨率: 1280x720, 平均帧率: 25.0, 视频编解码器: h264, 音频编解码器: aac
分类: 地方, 名称: 河南都市, 总数: 17, 有效率: 5.88%, 有效: 1, IPv4: 17, IPv6: 0, 最小延迟: 107 ms, 最高速率: 8.96 MiB/s, 平均速率: 8.96 MiB/s, 最高分辨率: 1920x1080, 平均帧率: 25.0, 视频编解码器: h264, 音频编解码器: aac
分类: 地方, 名称: 河南民生, 总数: 19, 有效率: 5.26%, 有效: 1, IPv4: 19, IPv6: 0, 最小延迟: 108 ms, 最高速率: 4.75 MiB/s, 平均速率: 4.75 MiB/s, 最高分辨率: 1920x1080, 平均帧率: 25.0, 视频编解码器: h264, 音频编解码器: aac
分类: 地方, 名称: 河南法治, 总数: 5, 有效率: 0.00%, 有效: 0, IPv4: 5, IPv6: 0, 最小延迟: — ms, 最高速率: 0.00 MiB/s, 平均速率: 0.00 MiB/s, 最高分辨率: —, 平均帧率: 未知, 视频编解码器: 未知, 音频编解码器: 未知
分类: 地方, 名称: 河南电视剧, 总数: 12, 有效率: 0.00%, 有效: 0, IPv4: 12, IPv6: 0, 最小延迟: — ms, 最高速率: 0.00 MiB/s, 平均速率: 0.00 MiB/s, 最高分辨率: —, 平均帧率: 未知, 视频编解码器: 未知, 音频编解码器: 未知
分类: 地方, 名称: 河南新闻, 总数: 13, 有效率: 0.00%, 有效: 0, IPv4: 13, IPv6: 0, 最小延迟: — ms, 最高速率: 0.00 MiB/s, 平均速率: 0.00 MiB/s, 最高分辨率: —, 平均帧率: 未知, 视频编解码器: 未知, 音频编解码器: 未知
分类: 地方, 名称: 河南公共, 总数: 12, 有效率: 0.00%, 有效: 0, IPv4: 12, IPv6: 0, 最小延迟: — ms, 最高速率: 0.00 MiB/s, 平均速率: 0.00 MiB/s, 最高分辨率: —, 平均帧率: 未知, 视频编解码器: 未知, 音频编解码器: 未知
分类: 地方, 名称: 移动戏曲, 总数: 7, 有效率: 0.00%, 有效: 0, IPv4: 7, IPv6: 0, 最小延迟: 165 ms, 最高速率: 0.00 MiB/s, 平均速率: 0.00 MiB/s, 最高分辨率: —, 平均帧率: 未知, 视频编解码器: 未知, 音频编解码器: 未知
分类: 地方, 名称: 河南新农村, 总数: 7, 有效率: 0.00%, 有效: 0, IPv4: 7, IPv6: 0, 最小延迟: — ms, 最高速率: 0.00 MiB/s, 平均速率: 0.00 MiB/s, 最高分辨率: —, 平均帧率: 未知, 视频编解码器: 未知, 音频编解码器: 未知
分类: 地方, 名称: 河南国际, 总数: 2, 有效率: 0.00%, 有效: 0, IPv4: 2, IPv6: 0, 最小延迟: — ms, 最高速率: 0.00 MiB/s, 平均速率: 0.00 MiB/s, 最高分辨率: —, 平均帧率: 未知, 视频编解码器: 未知, 音频编解码器: 未知
分类: 地方, 名称: 文物宝库, 总数: 8, 有效率: 12.50%, 有效: 1, IPv4: 8, IPv6: 0, 最小延迟: 779 ms, 最高速率: 0.61 MiB/s, 平均速率: 0.61 MiB/s, 最高分辨率: 1920x1080, 平均帧率: 25.0, 视频编解码器: h264, 音频编解码器: aac
分类: 地方, 名称: 梨园, 总数: 19, 有效率: 0.00%, 有效: 0, IPv4: 19, IPv6: 0, 最小延迟: — ms, 最高速率: 0.00 MiB/s, 平均速率: 0.00 MiB/s, 最高分辨率: —, 平均帧率: 未知, 视频编解码器: 未知, 音频编解码器: 未知
分类: 地方, 名称: 武术世界, 总数: 28, 有效率: 0.00%, 有效: 0, IPv4: 28, IPv6: 0, 最小延迟: 775 ms, 最高速率: 0.02 MiB/s, 平均速率: 0.00 MiB/s, 最高分辨率: —, 平均帧率: 未知, 视频编解码器: 未知, 音频编解码器: 未知
分类: 地方, 名称: 广东珠江, 总数: 76, 有效率: 3.95%, 有效: 3, IPv4: 76, IPv6: 0, 最小延迟: 34 ms, 最高速率: 28.74 MiB/s, 平均速率: 13.91 MiB/s, 最高分辨率: 1920x1080, 平均帧率: 25.0, 视频编解码器: h264, 音频编解码器: aac
分类: 地方, 名称: 广东体育, 总数: 74, 有效率: 4.05%, 有效: 3, IPv4: 74, IPv6: 0, 最小延迟: 33 ms, 最高速率: 14.01 MiB/s, 平均速率: 6.83 MiB/s, 最高分辨率: 1280x720, 平均帧率: 36.67, 视频编解码器: h264, 音频编解码器: aac
分类: 地方, 名称: 五星体育, 总数: 11, 有效率: 0.00%, 有效: 0, IPv4: 11, IPv6: 0, 最小延迟: 1919 ms, 最高速率: 0.00 MiB/s, 平均速率: 0.00 MiB/s, 最高分辨率: —, 平均帧率: 未知, 视频编解码器: 未知, 音频编解码器: 未知
分类: 地方, 名称: 海峡卫视, 总数: 46, 有效率: 4.35%, 有效: 2, IPv4: 46, IPv6: 0, 最小延迟: 82 ms, 最高速率: 1.96 MiB/s, 平均速率: 1.28 MiB/s, 最高分辨率: 1920x1080, 平均帧率: 未知, 视频编解码器: 未知, 音频编解码器: 未知
分类: 地方, 名称: 广州综合, 总数: 24, 有效率: 0.00%, 有效: 0, IPv4: 24, IPv6: 0, 最小延迟: — ms, 最高速率: 0.00 MiB/s, 平均速率: 0.00 MiB/s, 最高分辨率: —, 平均帧率: 未知, 视频编解码器: 未知, 音频编解码器: 未知
分类: 地方, 名称: 广州新闻, 总数: 12, 有效率: 0.00%, 有效: 0, IPv4: 12, IPv6: 0, 最小延迟: 1096 ms, 最高速率: 0.04 MiB/s, 平均速率: 0.00 MiB/s, 最高分辨率: —, 平均帧率: 未知, 视频编解码器: 未知, 音频编解码器: 未知
分类: 地方, 名称: 广州南国都市, 总数: 8, 有效率: 0.00%, 有效: 0, IPv4: 8, IPv6: 0, 最小延迟: — ms, 最高速率: 0.00 MiB/s, 平均速率: 0.00 MiB/s, 最高分辨率: —, 平均帧率: 未知, 视频编解码器: 未知, 音频编解码器: 未知
分类: 体育, 名称: astroFootball, 总数: 1, 有效率: 0.00%, 有效: 0, IPv4: 1, IPv6: 0, 最小延迟: — ms, 最高速率: 0.00 MiB/s, 平均速率: 0.00 MiB/s, 最高分辨率: —, 平均帧率: 未知, 视频编解码器: 未知, 音频编解码器: 未知
分类: 体育, 名称: 劲爆体育, 总数: 7, 有效率: 0.00%, 有效: 0, IPv4: 7, IPv6: 0, 最小延迟: 1377 ms, 最高速率: 0.03 MiB/s, 平均速率: 0.00 MiB/s, 最高分辨率: —, 平均帧率: 未知, 视频编解码器: 未知, 音频编解码器: 未知
分类: 体育, 名称: 纬来体育, 总数: 9, 有效率: 0.00%, 有效: 0, IPv4: 9, IPv6: 0, 最小延迟: 4739 ms, 最高速率: 0.00 MiB/s, 平均速率: 0.00 MiB/s, 最高分辨率: —, 平均帧率: 未知, 视频编解码器: 未知, 音频编解码器: 未知
分类: 体育, 名称: redbulltv, 总数: 8, 有效率: 75.00%, 有效: 6, IPv4: 8, IPv6: 0, 最小延迟: 87 ms, 最高速率: 36.05 MiB/s, 平均速率: 13.43 MiB/s, 最高分辨率: 1920x1080, 平均帧率: 29.98, 视频编解码器: 未知, 音频编解码器: 未知
分类: 体育, 名称: 魅力足球, 总数: 10, 有效率: 0.00%, 有效: 0, IPv4: 10, IPv6: 0, 最小延迟: 1695 ms, 最高速率: 0.04 MiB/s, 平均速率: 0.00 MiB/s, 最高分辨率: —, 平均帧率: 未知, 视频编解码器: 未知, 音频编解码器: 未知
分类: 体育, 名称: 辽宁体育, 总数: 9, 有效率: 0.00%, 有效: 0, IPv4: 9, IPv6: 0, 最小延迟: — ms, 最高速率: 0.00 MiB/s, 平均速率: 0.00 MiB/s, 最高分辨率: —, 平均帧率: 未知, 视频编解码器: 未知, 音频编解码器: 未知
分类: 体育, 名称: 篮球专场, 总数: 1, 有效率: 0.00%, 有效: 0, IPv4: 1, IPv6: 0, 最小延迟: — ms, 最高速率: 0.00 MiB/s, 平均速率: 0.00 MiB/s, 最高分辨率: —, 平均帧率: 未知, 视频编解码器: 未知, 音频编解码器: 未知
分类: 体育, 名称: 羽毛球专场, 总数: 2, 有效率: 0.00%, 有效: 0, IPv4: 2, IPv6: 0, 最小延迟: — ms, 最高速率: 0.00 MiB/s, 平均速率: 0.00 MiB/s, 最高分辨率: —, 平均帧率: 未知, 视频编解码器: 未知, 音频编解码器: 未知
分类: 体育, 名称: ELEVEN体育1, 总数: 1, 有效率: 0.00%, 有效: 0, IPv4: 1, IPv6: 0, 最小延迟: — ms, 最高速率: 0.00 MiB/s, 平均速率: 0.00 MiB/s, 最高分辨率: —, 平均帧率: 未知, 视频编解码器: 未知, 音频编解码器: 未知
分类: 体育, 名称: ELEVEN体育2, 总数: 1, 有效率: 0.00%, 有效: 0, IPv4: 1, IPv6: 0, 最小延迟: — ms, 最高速率: 0.00 MiB/s, 平均速率: 0.00 MiB/s, 最高分辨率: —, 平均帧率: 未知, 视频编解码器: 未知, 音频编解码器: 未知
分类: 体育, 名称: 乒乓球专场, 总数: 2, 有效率: 0.00%, 有效: 0, IPv4: 2, IPv6: 0, 最小延迟: — ms, 最高速率: 0.00 MiB/s, 平均速率: 0.00 MiB/s, 最高分辨率: —, 平均帧率: 未知, 视频编解码器: 未知, 音频编解码器: 未知
分类: 体育, 名称: 赛车专场, 总数: 2, 有效率: 0.00%, 有效: 0, IPv4: 2, IPv6: 0, 最小延迟: — ms, 最高速率: 0.00 MiB/s, 平均速率: 0.00 MiB/s, 最高分辨率: —, 平均帧率: 未知, 视频编解码器: 未知, 音频编解码器: 未知
分类: 体育, 名称: 智林體育, 总数: 3, 有效率: 0.00%, 有效: 0, IPv4: 3, IPv6: 0, 最小延迟: — ms, 最高速率: 0.00 MiB/s, 平均速率: 0.00 MiB/s, 最高分辨率: —, 平均帧率: 未知, 视频编解码器: 未知, 音频编解码器: 未知
分类: 体育, 名称: 博斯魅力, 总数: 4, 有效率: 0.00%, 有效: 0, IPv4: 4, IPv6: 0, 最小延迟: — ms, 最高速率: 0.00 MiB/s, 平均速率: 0.00 MiB/s, 最高分辨率: —, 平均帧率: 未知, 视频编解码器: 未知, 音频编解码器: 未知
分类: 体育, 名称: 博斯網球, 总数: 6, 有效率: 0.00%, 有效: 0, IPv4: 6, IPv6: 0, 最小延迟: — ms, 最高速率: 0.00 MiB/s, 平均速率: 0.00 MiB/s, 最高分辨率: —, 平均帧率: 未知, 视频编解码器: 未知, 音频编解码器: 未知
分类: 体育, 名称: EURO SPORTS, 总数: 3, 有效率: 0.00%, 有效: 0, IPv4: 3, IPv6: 0, 最小延迟: — ms, 最高速率: 0.00 MiB/s, 平均速率: 0.00 MiB/s, 最高分辨率: —, 平均帧率: 未知, 视频编解码器: 未知, 音频编解码器: 未知
分类: 体育, 名称: ELTA體育台1(多音轨), 总数: 2, 有效率: 0.00%, 有效: 0, IPv4: 2, IPv6: 0, 最小延迟: — ms, 最高速率: 0.00 MiB/s, 平均速率: 0.00 MiB/s, 最高分辨率: —, 平均帧率: 未知, 视频编解码器: 未知, 音频编解码器: 未知
分类: 体育, 名称: ELTA體育台2(多音轨), 总数: 3, 有效率: 0.00%, 有效: 0, IPv4: 3, IPv6: 0, 最小延迟: — ms, 最高速率: 0.00 MiB/s, 平均速率: 0.00 MiB/s, 最高分辨率: —, 平均帧率: 未知, 视频编解码器: 未知, 音频编解码器: 未知
分类: 体育, 名称: 摔跤专场, 总数: 2, 有效率: 0.00%, 有效: 0, IPv4: 2, IPv6: 0, 最小延迟: — ms, 最高速率: 0.00 MiB/s, 平均速率: 0.00 MiB/s, 最高分辨率: —, 平均帧率: 未知, 视频编解码器: 未知, 音频编解码器: 未知
分类: 体育, 名称: ELTA體育台3(多音轨), 总数: 2, 有效率: 0.00%, 有效: 0, IPv4: 2, IPv6: 0, 最小延迟: — ms, 最高速率: 0.00 MiB/s, 平均速率: 0.00 MiB/s, 最高分辨率: —, 平均帧率: 未知, 视频编解码器: 未知, 音频编解码器: 未知
分类: 体育, 名称: ELTA體育台4(多音轨), 总数: 1, 有效率: 0.00%, 有效: 0, IPv4: 1, IPv6: 0, 最小延迟: — ms, 最高速率: 0.00 MiB/s, 平均速率: 0.00 MiB/s, 最高分辨率: —, 平均帧率: 未知, 视频编解码器: 未知, 音频编解码器: 未知
分类: 体育, 名称: 拳击专场, 总数: 2, 有效率: 0.00%, 有效: 0, IPv4: 2, IPv6: 0, 最小延迟: — ms, 最高速率: 0.00 MiB/s, 平均速率: 0.00 MiB/s, 最高分辨率: —, 平均帧率: 未知, 视频编解码器: 未知, 音频编解码器: 未知
分类: 体育, 名称: 博斯高球二台, 总数: 5, 有效率: 0.00%, 有效: 0, IPv4: 5, IPv6: 0, 最小延迟: — ms, 最高速率: 0.00 MiB/s, 平均速率: 0.00 MiB/s, 最高分辨率: —, 平均帧率: 未知, 视频编解码器: 未知, 音频编解码器: 未知
分类: 体育, 名称: 博斯無限二台, 总数: 3, 有效率: 0.00%, 有效: 0, IPv4: 3, IPv6: 0, 最小延迟: — ms, 最高速率: 0.00 MiB/s, 平均速率: 0.00 MiB/s, 最高分辨率: —, 平均帧率: 未知, 视频编解码器: 未知, 音频编解码器: 未知
分类: 体育, 名称: 格斗专场, 总数: 2, 有效率: 0.00%, 有效: 0, IPv4: 2, IPv6: 0, 最小延迟: — ms, 最高速率: 0.00 MiB/s, 平均速率: 0.00 MiB/s, 最高分辨率: —, 平均帧率: 未知, 视频编解码器: 未知, 音频编解码器: 未知
分类: 体育, 名称: 博斯運動二台, 总数: 4, 有效率: 0.00%, 有效: 0, IPv4: 4, IPv6: 0, 最小延迟: — ms, 最高速率: 0.00 MiB/s, 平均速率: 0.00 MiB/s, 最高分辨率: —, 平均帧率: 未知, 视频编解码器: 未知, 音频编解码器: 未知
分类: 体育, 名称: 博斯運動一台, 总数: 4, 有效率: 0.00%, 有效: 0, IPv4: 4, IPv6: 0, 最小延迟: — ms, 最高速率: 0.00 MiB/s, 平均速率: 0.00 MiB/s, 最高分辨率: —, 平均帧率: 未知, 视频编解码器: 未知, 音频编解码器: 未知
分类: 体育, 名称: 柔道专场, 总数: 2, 有效率: 0.00%, 有效: 0, IPv4: 2, IPv6: 0, 最小延迟: — ms, 最高速率: 0.00 MiB/s, 平均速率: 0.00 MiB/s, 最高分辨率: —, 平均帧率: 未知, 视频编解码器: 未知, 音频编解码器: 未知
分类: 体育, 名称: 健美专场, 总数: 2, 有效率: 0.00%, 有效: 0, IPv4: 2, IPv6: 0, 最小延迟: 1915 ms, 最高速率: 0.00 MiB/s, 平均速率: 0.00 MiB/s, 最高分辨率: —, 平均帧率: 未知, 视频编解码器: 未知, 音频编解码器: 未知
分类: 体育, 名称: WWE专场, 总数: 2, 有效率: 0.00%, 有效: 0, IPv4: 2, IPv6: 0, 最小延迟: — ms, 最高速率: 0.00 MiB/s, 平均速率: 0.00 MiB/s, 最高分辨率: —, 平均帧率: 未知, 视频编解码器: 未知, 音频编解码器: 未知
分类: 体育, 名称: Now Golf 2(多音轨), 总数: 1, 有效率: 0.00%, 有效: 0, IPv4: 1, IPv6: 0, 最小延迟: — ms, 最高速率: 0.00 MiB/s, 平均速率: 0.00 MiB/s, 最高分辨率: —, 平均帧率: 未知, 视频编解码器: 未知, 音频编解码器: 未知
分类: 体育, 名称: 摩托专场, 总数: 2, 有效率: 0.00%, 有效: 0, IPv4: 2, IPv6: 0, 最小延迟: — ms, 最高速率: 0.00 MiB/s, 平均速率: 0.00 MiB/s, 最高分辨率: —, 平均帧率: 未知, 视频编解码器: 未知, 音频编解码器: 未知
分类: 体育, 名称: Now Golf 3(多音轨), 总数: 1, 有效率: 0.00%, 有效: 0, IPv4: 1, IPv6: 0, 最小延迟: — ms, 最高速率: 0.00 MiB/s, 平均速率: 0.00 MiB/s, 最高分辨率: —, 平均帧率: 未知, 视频编解码器: 未知, 音频编解码器: 未知
分类: 体育, 名称: 澳门体育, 总数: 1, 有效率: 0.00%, 有效: 0, IPv4: 1, IPv6: 0, 最小延迟: — ms, 最高速率: 0.00 MiB/s, 平均速率: 0.00 MiB/s, 最高分辨率: —, 平均帧率: 未知, 视频编解码器: 未知, 音频编解码器: 未知
分类: 体育, 名称: 健身专场, 总数: 2, 有效率: 0.00%, 有效: 0, IPv4: 2, IPv6: 0, 最小延迟: — ms, 最高速率: 0.00 MiB/s, 平均速率: 0.00 MiB/s, 最高分辨率: —, 平均帧率: 未知, 视频编解码器: 未知, 音频编解码器: 未知
分类: 体育, 名称: Big3专场, 总数: 2, 有效率: 0.00%, 有效: 0, IPv4: 2, IPv6: 0, 最小延迟: — ms, 最高速率: 0.00 MiB/s, 平均速率: 0.00 MiB/s, 最高分辨率: —, 平均帧率: 未知, 视频编解码器: 未知, 音频编解码器: 未知
分类: 体育, 名称: DAZN-体育, 总数: 2, 有效率: 0.00%, 有效: 0, IPv4: 2, IPv6: 0, 最小延迟: — ms, 最高速率: 0.00 MiB/s, 平均速率: 0.00 MiB/s, 最高分辨率: —, 平均帧率: 未知, 视频编解码器: 未知, 音频编解码器: 未知
分类: 体育, 名称: 飞镖专场, 总数: 1, 有效率: 0.00%, 有效: 0, IPv4: 1, IPv6: 0, 最小延迟: 2936 ms, 最高速率: 0.00 MiB/s, 平均速率: 0.00 MiB/s, 最高分辨率: —, 平均帧率: 未知, 视频编解码器: 未知, 音频编解码器: 未知
分类: 体育, 名称: 飞盘专场, 总数: 2, 有效率: 0.00%, 有效: 0, IPv4: 2, IPv6: 0, 最小延迟: — ms, 最高速率: 0.00 MiB/s, 平均速率: 0.00 MiB/s, 最高分辨率: —, 平均帧率: 未知, 视频编解码器: 未知, 音频编解码器: 未知
分类: 体育, 名称: NOW sports 4(多音轨), 总数: 6, 有效率: 0.00%, 有效: 0, IPv4: 6, IPv6: 0, 最小延迟: 967 ms, 最高速率: 0.06 MiB/s, 平均速率: 0.00 MiB/s, 最高分辨率: —, 平均帧率: 未知, 视频编解码器: 未知, 音频编解码器: 未知
分类: 体育, 名称: momo'tv, 总数: 1, 有效率: 0.00%, 有效: 0, IPv4: 1, IPv6: 0, 最小延迟: — ms, 最高速率: 0.00 MiB/s, 平均速率: 0.00 MiB/s, 最高分辨率: —, 平均帧率: 未知, 视频编解码器: 未知, 音频编解码器: 未知
分类: 体育, 名称: NOW sports 1(多音轨), 总数: 3, 有效率: 33.33%, 有效: 1, IPv4: 3, IPv6: 0, 最小延迟: 207 ms, 最高速率: 1.71 MiB/s, 平均速率: 1.71 MiB/s, 最高分辨率: —, 平均帧率: 未知, 视频编解码器: 未知, 音频编解码器: 未知
分类: 体育, 名称: NOW sports 2(多音轨), 总数: 2, 有效率: 0.00%, 有效: 0, IPv4: 2, IPv6: 0, 最小延迟: 705 ms, 最高速率: 0.19 MiB/s, 平均速率: 0.00 MiB/s, 最高分辨率: —, 平均帧率: 未知, 视频编解码器: 未知, 音频编解码器: 未知
分类: 体育, 名称: TRACE Sport Stars, 总数: 6, 有效率: 33.33%, 有效: 2, IPv4: 6, IPv6: 0, 最小延迟: 325 ms, 最高速率: 4.36 MiB/s, 平均速率: 2.30 MiB/s, 最高分辨率: 1920x1080, 平均帧率: 25.0, 视频编解码器: h264, 音频编解码器: aac
分类: 体育, 名称: 瑜伽专场, 总数: 2, 有效率: 0.00%, 有效: 0, IPv4: 2, IPv6: 0, 最小延迟: — ms, 最高速率: 0.00 MiB/s, 平均速率: 0.00 MiB/s, 最高分辨率: —, 平均帧率: 未知, 视频编解码器: 未知, 音频编解码器: 未知
分类: 体育, 名称: NOW sports 3(多音轨), 总数: 2, 有效率: 0.00%, 有效: 0, IPv4: 2, IPv6: 0, 最小延迟: 1457 ms, 最高速率: 0.04 MiB/s, 平均速率: 0.00 MiB/s, 最高分辨率: —, 平均帧率: 未知, 视频编解码器: 未知, 音频编解码器: 未知
分类: 体育, 名称: TSN1, 总数: 1, 有效率: 0.00%, 有效: 0, IPv4: 1, IPv6: 0, 最小延迟: 369 ms, 最高速率: 0.00 MiB/s, 平均速率: 0.00 MiB/s, 最高分辨率: —, 平均帧率: 未知, 视频编解码器: 未知, 音频编解码器: 未知
分类: 体育, 名称: NOW sports 5(多音轨), 总数: 2, 有效率: 0.00%, 有效: 0, IPv4: 2, IPv6: 0, 最小延迟: — ms, 最高速率: 0.00 MiB/s, 平均速率: 0.00 MiB/s, 最高分辨率: —, 平均帧率: 未知, 视频编解码器: 未知, 音频编解码器: 未知
分类: 体育, 名称: TSN2, 总数: 1, 有效率: 0.00%, 有效: 0, IPv4: 1, IPv6: 0, 最小延迟: 484 ms, 最高速率: 0.00 MiB/s, 平均速率: 0.00 MiB/s, 最高分辨率: —, 平均帧率: 未知, 视频编解码器: 未知, 音频编解码器: 未知
分类: 体育, 名称: TSN3, 总数: 1, 有效率: 0.00%, 有效: 0, IPv4: 1, IPv6: 0, 最小延迟: 483 ms, 最高速率: 0.00 MiB/s, 平均速率: 0.00 MiB/s, 最高分辨率: —, 平均帧率: 未知, 视频编解码器: 未知, 音频编解码器: 未知
分类: 体育, 名称: TSN4, 总数: 1, 有效率: 0.00%, 有效: 0, IPv4: 1, IPv6: 0, 最小延迟: 320 ms, 最高速率: 0.00 MiB/s, 平均速率: 0.00 MiB/s, 最高分辨率: —, 平均帧率: 未知, 视频编解码器: 未知, 音频编解码器: 未知
分类: 体育, 名称: GOLF, 总数: 9, 有效率: 11.11%, 有效: 1, IPv4: 9, IPv6: 0, 最小延迟: 68 ms, 最高速率: 19.19 MiB/s, 平均速率: 19.19 MiB/s, 最高分辨率: 1920x1080, 平均帧率: 29.97, 视频编解码器: 未知, 音频编解码器: 未知
分类: 体育, 名称: TSN5, 总数: 1, 有效率: 0.00%, 有效: 0, IPv4: 1, IPv6: 0, 最小延迟: 325 ms, 最高速率: 0.00 MiB/s, 平均速率: 0.00 MiB/s, 最高分辨率: —, 平均帧率: 未知, 视频编解码器: 未知, 音频编解码器: 未知
分类: 体育, 名称: NOW sports 6(多音轨), 总数: 5, 有效率: 0.00%, 有效: 0, IPv4: 5, IPv6: 0, 最小延迟: 3449 ms, 最高速率: 0.02 MiB/s, 平均速率: 0.00 MiB/s, 最高分辨率: —, 平均帧率: 未知, 视频编解码器: 未知, 音频编解码器: 未知
分类: 体育, 名称: NOW sports 7(多音轨), 总数: 2, 有效率: 0.00%, 有效: 0, IPv4: 2, IPv6: 0, 最小延迟: — ms, 最高速率: 0.00 MiB/s, 平均速率: 0.00 MiB/s, 最高分辨率: —, 平均帧率: 未知, 视频编解码器: 未知, 音频编解码器: 未知
分类: 体育, 名称: HubPremier1, 总数: 4, 有效率: 0.00%, 有效: 0, IPv4: 4, IPv6: 0, 最小延迟: 406 ms, 最高速率: 0.05 MiB/s, 平均速率: 0.00 MiB/s, 最高分辨率: —, 平均帧率: 未知, 视频编解码器: 未知, 音频编解码器: 未知
分类: 体育, 名称: HubPremier2, 总数: 2, 有效率: 0.00%, 有效: 0, IPv4: 2, IPv6: 0, 最小延迟: 263 ms, 最高速率: 0.04 MiB/s, 平均速率: 0.00 MiB/s, 最高分辨率: —, 平均帧率: 未知, 视频编解码器: 未知, 音频编解码器: 未知
分类: 体育, 名称: HubPremier3, 总数: 2, 有效率: 0.00%, 有效: 0, IPv4: 2, IPv6: 0, 最小延迟: 330 ms, 最高速率: 0.05 MiB/s, 平均速率: 0.00 MiB/s, 最高分辨率: —, 平均帧率: 未知, 视频编解码器: 未知, 音频编解码器: 未知
分类: 体育, 名称: 斯诺克专场, 总数: 1, 有效率: 0.00%, 有效: 0, IPv4: 1, IPv6: 0, 最小延迟: — ms, 最高速率: 0.00 MiB/s, 平均速率: 0.00 MiB/s, 最高分辨率: —, 平均帧率: 未知, 视频编解码器: 未知, 音频编解码器: 未知
分类: 体育, 名称: HubPremier4, 总数: 2, 有效率: 0.00%, 有效: 0, IPv4: 2, IPv6: 0, 最小延迟: 587 ms, 最高速率: 0.03 MiB/s, 平均速率: 0.00 MiB/s, 最高分辨率: —, 平均帧率: 未知, 视频编解码器: 未知, 音频编解码器: 未知
分类: 体育, 名称: Fight Sports, 总数: 3, 有效率: 0.00%, 有效: 0, IPv4: 3, IPv6: 0, 最小延迟: 1336 ms, 最高速率: 0.00 MiB/s, 平均速率: 0.00 MiB/s, 最高分辨率: —, 平均帧率: 未知, 视频编解码器: 未知, 音频编解码器: 未知
分类: 体育, 名称: Beinsports 2, 总数: 3, 有效率: 0.00%, 有效: 0, IPv4: 3, IPv6: 0, 最小延迟: 1240 ms, 最高速率: 0.00 MiB/s, 平均速率: 0.00 MiB/s, 最高分辨率: —, 平均帧率: 未知, 视频编解码器: 未知, 音频编解码器: 未知
分类: 体育, 名称: Beinsports 3, 总数: 4, 有效率: 0.00%, 有效: 0, IPv4: 4, IPv6: 0, 最小延迟: 1070 ms, 最高速率: 0.00 MiB/s, 平均速率: 0.00 MiB/s, 最高分辨率: —, 平均帧率: 未知, 视频编解码器: 未知, 音频编解码器: 未知
分类: 体育, 名称: HubPremier6, 总数: 2, 有效率: 0.00%, 有效: 0, IPv4: 2, IPv6: 0, 最小延迟: 753 ms, 最高速率: 0.03 MiB/s, 平均速率: 0.00 MiB/s, 最高分辨率: —, 平均帧率: 未知, 视频编解码器: 未知, 音频编解码器: 未知
分类: 体育, 名称: HubPremier5, 总数: 2, 有效率: 0.00%, 有效: 0, IPv4: 2, IPv6: 0, 最小延迟: 853 ms, 最高速率: 0.04 MiB/s, 平均速率: 0.00 MiB/s, 最高分辨率: —, 平均帧率: 未知, 视频编解码器: 未知, 音频编解码器: 未知
分类: 体育, 名称: HubPremier7, 总数: 2, 有效率: 0.00%, 有效: 0, IPv4: 2, IPv6: 0, 最小延迟: 800 ms, 最高速率: 0.00 MiB/s, 平均速率: 0.00 MiB/s, 最高分辨率: —, 平均帧率: 未知, 视频编解码器: 未知, 音频编解码器: 未知
分类: 体育, 名称: 越野专场, 总数: 1, 有效率: 0.00%, 有效: 0, IPv4: 1, IPv6: 0, 最小延迟: — ms, 最高速率: 0.00 MiB/s, 平均速率: 0.00 MiB/s, 最高分辨率: —, 平均帧率: 未知, 视频编解码器: 未知, 音频编解码器: 未知
分类: 体育, 名称: HubSports_1, 总数: 1, 有效率: 0.00%, 有效: 0, IPv4: 1, IPv6: 0, 最小延迟: 858 ms, 最高速率: 0.00 MiB/s, 平均速率: 0.00 MiB/s, 最高分辨率: —, 平均帧率: 未知, 视频编解码器: 未知, 音频编解码器: 未知
分类: 体育, 名称: TNTSports 1, 总数: 2, 有效率: 0.00%, 有效: 0, IPv4: 2, IPv6: 0, 最小延迟: 1078 ms, 最高速率: 0.00 MiB/s, 平均速率: 0.00 MiB/s, 最高分辨率: —, 平均帧率: 未知, 视频编解码器: 未知, 音频编解码器: 未知
分类: 体育, 名称: HubSports_2, 总数: 1, 有效率: 0.00%, 有效: 0, IPv4: 1, IPv6: 0, 最小延迟: 1023 ms, 最高速率: 0.00 MiB/s, 平均速率: 0.00 MiB/s, 最高分辨率: —, 平均帧率: 未知, 视频编解码器: 未知, 音频编解码器: 未知
分类: 体育, 名称: Skysports F1, 总数: 5, 有效率: 0.00%, 有效: 0, IPv4: 5, IPv6: 0, 最小延迟: 839 ms, 最高速率: 0.00 MiB/s, 平均速率: 0.00 MiB/s, 最高分辨率: —, 平均帧率: 未知, 视频编解码器: 未知, 音频编解码器: 未知
分类: 体育, 名称: HubSports_3, 总数: 1, 有效率: 0.00%, 有效: 0, IPv4: 1, IPv6: 0, 最小延迟: 1119 ms, 最高速率: 0.00 MiB/s, 平均速率: 0.00 MiB/s, 最高分辨率: —, 平均帧率: 未知, 视频编解码器: 未知, 音频编解码器: 未知
分类: 体育, 名称: HubSports_4, 总数: 1, 有效率: 0.00%, 有效: 0, IPv4: 1, IPv6: 0, 最小延迟: 1079 ms, 最高速率: 0.00 MiB/s, 平均速率: 0.00 MiB/s, 最高分辨率: —, 平均帧率: 未知, 视频编解码器: 未知, 音频编解码器: 未知
分类: 体育, 名称: TNTSports 2, 总数: 2, 有效率: 0.00%, 有效: 0, IPv4: 2, IPv6: 0, 最小延迟: 1034 ms, 最高速率: 0.00 MiB/s, 平均速率: 0.00 MiB/s, 最高分辨率: —, 平均帧率: 未知, 视频编解码器: 未知, 音频编解码器: 未知
分类: 体育, 名称: HubSports_5, 总数: 1, 有效率: 0.00%, 有效: 0, IPv4: 1, IPv6: 0, 最小延迟: 1234 ms, 最高速率: 0.00 MiB/s, 平均速率: 0.00 MiB/s, 最高分辨率: —, 平均帧率: 未知, 视频编解码器: 未知, 音频编解码器: 未知
分类: 体育, 名称: Skysports Mix, 总数: 4, 有效率: 0.00%, 有效: 0, IPv4: 4, IPv6: 0, 最小延迟: 964 ms, 最高速率: 0.00 MiB/s, 平均速率: 0.00 MiB/s, 最高分辨率: —, 平均帧率: 未知, 视频编解码器: 未知, 音频编解码器: 未知
分类: 体育, 名称: HubSports_6, 总数: 1, 有效率: 0.00%, 有效: 0, IPv4: 1, IPv6: 0, 最小延迟: 1130 ms, 最高速率: 0.00 MiB/s, 平均速率: 0.00 MiB/s, 最高分辨率: —, 平均帧率: 未知, 视频编解码器: 未知, 音频编解码器: 未知
分类: 体育, 名称: 棒球专场, 总数: 1, 有效率: 0.00%, 有效: 0, IPv4: 1, IPv6: 0, 最小延迟: — ms, 最高速率: 0.00 MiB/s, 平均速率: 0.00 MiB/s, 最高分辨率: —, 平均帧率: 未知, 视频编解码器: 未知, 音频编解码器: 未知
分类: 体育, 名称: Skysports Golf, 总数: 5, 有效率: 0.00%, 有效: 0, IPv4: 5, IPv6: 0, 最小延迟: 863 ms, 最高速率: 0.00 MiB/s, 平均速率: 0.00 MiB/s, 最高分辨率: —, 平均帧率: 未知, 视频编解码器: 未知, 音频编解码器: 未知
分类: 体育, 名称: TNTSports 3, 总数: 2, 有效率: 0.00%, 有效: 0, IPv4: 2, IPv6: 0, 最小延迟: 929 ms, 最高速率: 0.00 MiB/s, 平均速率: 0.00 MiB/s, 最高分辨率: —, 平均帧率: 未知, 视频编解码器: 未知, 音频编解码器: 未知
分类: 体育, 名称: HubSports_8, 总数: 1, 有效率: 0.00%, 有效: 0, IPv4: 1, IPv6: 0, 最小延迟: 1230 ms, 最高速率: 0.00 MiB/s, 平均速率: 0.00 MiB/s, 最高分辨率: —, 平均帧率: 未知, 视频编解码器: 未知, 音频编解码器: 未知
分类: 体育, 名称: HubSports_7, 总数: 1, 有效率: 0.00%, 有效: 0, IPv4: 1, IPv6: 0, 最小延迟: 1238 ms, 最高速率: 0.00 MiB/s, 平均速率: 0.00 MiB/s, 最高分辨率: —, 平均帧率: 未知, 视频编解码器: 未知, 音频编解码器: 未知
分类: 体育, 名称: 扇耳光专场, 总数: 1, 有效率: 0.00%, 有效: 0, IPv4: 1, IPv6: 0, 最小延迟: — ms, 最高速率: 0.00 MiB/s, 平均速率: 0.00 MiB/s, 最高分辨率: —, 平均帧率: 未知, 视频编解码器: 未知, 音频编解码器: 未知
分类: 体育, 名称: 時尚運動X, 总数: 1, 有效率: 0.00%, 有效: 0, IPv4: 1, IPv6: 0, 最小延迟: — ms, 最高速率: 0.00 MiB/s, 平均速率: 0.00 MiB/s, 最高分辨率: —, 平均帧率: 未知, 视频编解码器: 未知, 音频编解码器: 未知
分类: 体育, 名称: TNTSports 4, 总数: 3, 有效率: 0.00%, 有效: 0, IPv4: 3, IPv6: 0, 最小延迟: 979 ms, 最高速率: 0.00 MiB/s, 平均速率: 0.00 MiB/s, 最高分辨率: —, 平均帧率: 未知, 视频编解码器: 未知, 音频编解码器: 未知
分类: 体育, 名称: Skysports Cricket, 总数: 6, 有效率: 0.00%, 有效: 0, IPv4: 6, IPv6: 0, 最小延迟: 759 ms, 最高速率: 0.06 MiB/s, 平均速率: 0.00 MiB/s, 最高分辨率: —, 平均帧率: 未知, 视频编解码器: 未知, 音频编解码器: 未知
分类: 体育, 名称: Skysports Football, 总数: 5, 有效率: 0.00%, 有效: 0, IPv4: 5, IPv6: 0, 最小延迟: 546 ms, 最高速率: 0.00 MiB/s, 平均速率: 0.00 MiB/s, 最高分辨率: —, 平均帧率: 未知, 视频编解码器: 未知, 音频编解码器: 未知
分类: 体育, 名称: Skysports Mainevent, 总数: 4, 有效率: 0.00%, 有效: 0, IPv4: 4, IPv6: 0, 最小延迟: 635 ms, 最高速率: 0.00 MiB/s, 平均速率: 0.00 MiB/s, 最高分辨率: —, 平均帧率: 未知, 视频编解码器: 未知, 音频编解码器: 未知
分类: 体育, 名称: Skysports News, 总数: 3, 有效率: 0.00%, 有效: 0, IPv4: 3, IPv6: 0, 最小延迟: 949 ms, 最高速率: 0.00 MiB/s, 平均速率: 0.00 MiB/s, 最高分辨率: —, 平均帧率: 未知, 视频编解码器: 未知, 音频编解码器: 未知
分类: 体育, 名称: 博斯高球一台, 总数: 1, 有效率: 0.00%, 有效: 0, IPv4: 1, IPv6: 0, 最小延迟: — ms, 最高速率: 0.00 MiB/s, 平均速率: 0.00 MiB/s, 最高分辨率: —, 平均帧率: 未知, 视频编解码器: 未知, 音频编解码器: 未知
分类: 体育, 名称: Skysports Action, 总数: 2, 有效率: 0.00%, 有效: 0, IPv4: 2, IPv6: 0, 最小延迟: 967 ms, 最高速率: 0.00 MiB/s, 平均速率: 0.00 MiB/s, 最高分辨率: —, 平均帧率: 未知, 视频编解码器: 未知, 音频编解码器: 未知
分类: 体育, 名称: Skysports Tennis, 总数: 1, 有效率: 0.00%, 有效: 0, IPv4: 1, IPv6: 0, 最小延迟: 843 ms, 最高速率: 0.00 MiB/s, 平均速率: 0.00 MiB/s, 最高分辨率: —, 平均帧率: 未知, 视频编解码器: 未知, 音频编解码器: 未知
分类: 体育, 名称: Skysports Racing, 总数: 3, 有效率: 0.00%, 有效: 0, IPv4: 3, IPv6: 0, 最小延迟: 870 ms, 最高速率: 0.00 MiB/s, 平均速率: 0.00 MiB/s, 最高分辨率: —, 平均帧率: 未知, 视频编解码器: 未知, 音频编解码器: 未知
分类: 体育, 名称: Now Sports Plus(多音轨), 总数: 1, 有效率: 100.00%, 有效: 1, IPv4: 1, IPv6: 0, 最小延迟: 184 ms, 最高速率: 2.22 MiB/s, 平均速率: 2.22 MiB/s, 最高分辨率: —, 平均帧率: 未知, 视频编解码器: 未知, 音频编解码器: 未知
分类: 体育, 名称: Skysports Premierleague, 总数: 3, 有效率: 0.00%, 有效: 0, IPv4: 3, IPv6: 0, 最小延迟: 424 ms, 最高速率: 0.00 MiB/s, 平均速率: 0.00 MiB/s, 最高分辨率: —, 平均帧率: 未知, 视频编解码器: 未知, 音频编解码器: 未知
分类: 体育, 名称: Матч ТВ, 总数: 1, 有效率: 0.00%, 有效: 0, IPv4: 1, IPv6: 0, 最小延迟: — ms, 最高速率: 0.00 MiB/s, 平均速率: 0.00 MiB/s, 最高分辨率: —, 平均帧率: 未知, 视频编解码器: 未知, 音频编解码器: 未知
分类: 体育, 名称: STAR SPORTS2, 总数: 3, 有效率: 66.67%, 有效: 2, IPv4: 3, IPv6: 0, 最小延迟: 475 ms, 最高速率: 0.63 MiB/s, 平均速率: 0.62 MiB/s, 最高分辨率: 1280x720, 平均帧率: 25.0, 视频编解码器: 未知, 音频编解码器: 未知
分类: 体育, 名称: SPOTV, 总数: 3, 有效率: 0.00%, 有效: 0, IPv4: 3, IPv6: 0, 最小延迟: — ms, 最高速率: 0.00 MiB/s, 平均速率: 0.00 MiB/s, 最高分辨率: —, 平均帧率: 未知, 视频编解码器: 未知, 音频编解码器: 未知
分类: 体育, 名称: SPOTV2, 总数: 1, 有效率: 0.00%, 有效: 0, IPv4: 1, IPv6: 0, 最小延迟: — ms, 最高速率: 0.00 MiB/s, 平均速率: 0.00 MiB/s, 最高分辨率: —, 平均帧率: 未知, 视频编解码器: 未知, 音频编解码器: 未知
分类: 体育, 名称: Astro_Arena, 总数: 4, 有效率: 50.00%, 有效: 2, IPv4: 4, IPv6: 0, 最小延迟: 503 ms, 最高速率: 1.52 MiB/s, 平均速率: 1.04 MiB/s, 最高分辨率: 1920x1080, 平均帧率: 50.0, 视频编解码器: h264, 音频编解码器: aac
分类: 体育, 名称: Astro_Premier league2, 总数: 1, 有效率: 100.00%, 有效: 1, IPv4: 1, IPv6: 0, 最小延迟: 490 ms, 最高速率: 0.70 MiB/s, 平均速率: 0.70 MiB/s, 最高分辨率: 1280x720, 平均帧率: 25.0, 视频编解码器: h264, 音频编解码器: aac
分类: 新闻, 名称: 凤凰资讯, 总数: 35, 有效率: 5.71%, 有效: 2, IPv4: 35, IPv6: 0, 最小延迟: 47 ms, 最高速率: 2.53 MiB/s, 平均速率: 2.32 MiB/s, 最高分辨率: 1280x720, 平均帧率: 27.5, 视频编解码器: h264, 音频编解码器: aac
分类: 新闻, 名称: 凤凰中文, 总数: 37, 有效率: 0.00%, 有效: 0, IPv4: 37, IPv6: 0, 最小延迟: 651 ms, 最高速率: 0.04 MiB/s, 平均速率: 0.00 MiB/s, 最高分辨率: —, 平均帧率: 未知, 视频编解码器: 未知, 音频编解码器: 未知
分类: 新闻, 名称: 凤凰香港, 总数: 27, 有效率: 11.11%, 有效: 3, IPv4: 27, IPv6: 0, 最小延迟: 32 ms, 最高速率: 5.19 MiB/s, 平均速率: 2.82 MiB/s, 最高分辨率: 1280x720, 平均帧率: 36.25, 视频编解码器: h264, 音频编解码器: aac
分类: 新闻, 名称: 中天新聞, 总数: 27, 有效率: 0.00%, 有效: 0, IPv4: 27, IPv6: 0, 最小延迟: 111 ms, 最高速率: 0.00 MiB/s, 平均速率: 0.00 MiB/s, 最高分辨率: —, 平均帧率: 未知, 视频编解码器: 未知, 音频编解码器: 未知
分类: 新闻, 名称: TVBS新聞, 总数: 13, 有效率: 0.00%, 有效: 0, IPv4: 13, IPv6: 0, 最小延迟: — ms, 最高速率: 0.00 MiB/s, 平均速率: 0.00 MiB/s, 最高分辨率: —, 平均帧率: 未知, 视频编解码器: 未知, 音频编解码器: 未知
分类: 新闻, 名称: 東森新聞, 总数: 11, 有效率: 0.00%, 有效: 0, IPv4: 11, IPv6: 0, 最小延迟: — ms, 最高速率: 0.00 MiB/s, 平均速率: 0.00 MiB/s, 最高分辨率: —, 平均帧率: 未知, 视频编解码器: 未知, 音频编解码器: 未知
分类: 新闻, 名称: 東森財經新聞, 总数: 3, 有效率: 0.00%, 有效: 0, IPv4: 3, IPv6: 0, 最小延迟: — ms, 最高速率: 0.00 MiB/s, 平均速率: 0.00 MiB/s, 最高分辨率: —, 平均帧率: 未知, 视频编解码器: 未知, 音频编解码器: 未知
分类: 新闻, 名称: 三立新聞iNEWS, 总数: 8, 有效率: 0.00%, 有效: 0, IPv4: 8, IPv6: 0, 最小延迟: — ms, 最高速率: 0.00 MiB/s, 平均速率: 0.00 MiB/s, 最高分辨率: —, 平均帧率: 未知, 视频编解码器: 未知, 音频编解码器: 未知
分类: 新闻, 名称: 寰宇新聞, 总数: 20, 有效率: 0.00%, 有效: 0, IPv4: 20, IPv6: 0, 最小延迟: 278 ms, 最高速率: 0.00 MiB/s, 平均速率: 0.00 MiB/s, 最高分辨率: —, 平均帧率: 未知, 视频编解码器: 未知, 音频编解码器: 未知
分类: 新闻, 名称: 无线新闻, 总数: 18, 有效率: 5.56%, 有效: 1, IPv4: 18, IPv6: 0, 最小延迟: 252 ms, 最高速率: 0.51 MiB/s, 平均速率: 0.51 MiB/s, 最高分辨率: 1920x1080, 平均帧率: 25.0, 视频编解码器: h264, 音频编解码器: ac3
分类: 新闻, 名称: NOW新闻, 总数: 4, 有效率: 0.00%, 有效: 0, IPv4: 4, IPv6: 0, 最小延迟: 270 ms, 最高速率: 0.00 MiB/s, 平均速率: 0.00 MiB/s, 最高分辨率: —, 平均帧率: 未知, 视频编解码器: 未知, 音频编解码器: 未知
分类: 新闻, 名称: HOY资讯, 总数: 3, 有效率: 0.00%, 有效: 0, IPv4: 3, IPv6: 0, 最小延迟: — ms, 最高速率: 0.00 MiB/s, 平均速率: 0.00 MiB/s, 最高分辨率: —, 平均帧率: 未知, 视频编解码器: 未知, 音频编解码器: 未知
分类: 新闻, 名称: TVBS, 总数: 11, 有效率: 0.00%, 有效: 0, IPv4: 11, IPv6: 0, 最小延迟: 6071 ms, 最高速率: 0.20 MiB/s, 平均速率: 0.00 MiB/s, 最高分辨率: —, 平均帧率: 未知, 视频编解码器: 未知, 音频编解码器: 未知
分类: 新闻, 名称: BBCNews, 总数: 21, 有效率: 14.29%, 有效: 3, IPv4: 21, IPv6: 0, 最小延迟: 46 ms, 最高速率: 29.58 MiB/s, 平均速率: 10.36 MiB/s, 最高分辨率: 1920x1080, 平均帧率: 46.23, 视频编解码器: h264, 音频编解码器: aac
分类: 新闻, 名称: SkyNews, 总数: 18, 有效率: 38.89%, 有效: 7, IPv4: 18, IPv6: 0, 最小延迟: 99 ms, 最高速率: 29.18 MiB/s, 平均速率: 6.95 MiB/s, 最高分辨率: 1920x1080, 平均帧率: 31.0, 视频编解码器: h264, 音频编解码器: aac
分类: 新闻, 名称: Euronews, 总数: 12, 有效率: 8.33%, 有效: 1, IPv4: 12, IPv6: 0, 最小延迟: 182 ms, 最高速率: 7.68 MiB/s, 平均速率: 7.68 MiB/s, 最高分辨率: 1280x720, 平均帧率: 25.0, 视频编解码器: 未知, 音频编解码器: 未知
分类: 新闻, 名称: ABCNewsLive, 总数: 3, 有效率: 0.00%, 有效: 0, IPv4: 3, IPv6: 0, 最小延迟: 709 ms, 最高速率: 0.09 MiB/s, 平均速率: 0.00 MiB/s, 最高分辨率: —, 平均帧率: 未知, 视频编解码器: 未知, 音频编解码器: 未知
分类: 新闻, 名称: CBSNews24/7, 总数: 24, 有效率: 4.17%, 有效: 1, IPv4: 24, IPv6: 0, 最小延迟: 97 ms, 最高速率: 2.87 MiB/s, 平均速率: 2.87 MiB/s, 最高分辨率: 1280x720, 平均帧率: 30.0, 视频编解码器: h264, 音频编解码器: aac
分类: 新闻, 名称: CNN, 总数: 24, 有效率: 33.33%, 有效: 8, IPv4: 24, IPv6: 0, 最小延迟: 15 ms, 最高速率: 48.00 MiB/s, 平均速率: 12.09 MiB/s, 最高分辨率: 1920x1080, 平均帧率: 25.99, 视频编解码器: h264, 音频编解码器: aac
分类: 新闻, 名称: FoxNews, 总数: 13, 有效率: 38.46%, 有效: 5, IPv4: 13, IPv6: 0, 最小延迟: 523 ms, 最高速率: 2.65 MiB/s, 平均速率: 0.80 MiB/s, 最高分辨率: 1280x720, 平均帧率: 47.95, 视频编解码器: h264, 音频编解码器: aac
分类: 新闻, 名称: FoxWeather, 总数: 8, 有效率: 37.50%, 有效: 3, IPv4: 8, IPv6: 0, 最小延迟: 8 ms, 最高速率: 86.37 MiB/s, 平均速率: 46.56 MiB/s, 最高分辨率: 1920x1080, 平均帧率: 37.47, 视频编解码器: h264, 音频编解码器: aac
分类: 新闻, 名称: MSNBC, 总数: 7, 有效率: 14.29%, 有效: 1, IPv4: 7, IPv6: 0, 最小延迟: 527 ms, 最高速率: 0.30 MiB/s, 平均速率: 0.30 MiB/s, 最高分辨率: 1920x1080, 平均帧率: 44.96, 视频编解码器: h264, 音频编解码器: aac
分类: 新闻, 名称: NBC, 总数: 43, 有效率: 6.98%, 有效: 3, IPv4: 43, IPv6: 0, 最小延迟: 56 ms, 最高速率: 6.30 MiB/s, 平均速率: 4.21 MiB/s, 最高分辨率: 1920x1080, 平均帧率: 36.65, 视频编解码器: 未知, 音频编解码器: 未知
分类: 新闻, 名称: CNBC, 总数: 21, 有效率: 33.33%, 有效: 7, IPv4: 21, IPv6: 0, 最小延迟: 22 ms, 最高速率: 68.29 MiB/s, 平均速率: 10.96 MiB/s, 最高分辨率: 1920x1080, 平均帧率: 44.97, 视频编解码器: h264, 音频编解码器: aac
分类: 新闻, 名称: Newsmax, 总数: 9, 有效率: 55.56%, 有效: 5, IPv4: 9, IPv6: 0, 最小延迟: 12 ms, 最高速率: 79.95 MiB/s, 平均速率: 39.99 MiB/s, 最高分辨率: 1920x1080, 平均帧率: 33.98, 视频编解码器: h264, 音频编解码器: aac
分类: 新闻, 名称: DWEnglish, 总数: 2, 有效率: 0.00%, 有效: 0, IPv4: 2, IPv6: 0, 最小延迟: — ms, 最高速率: 0.00 MiB/s, 平均速率: 0.00 MiB/s, 最高分辨率: —, 平均帧率: 未知, 视频编解码器: 未知, 音频编解码器: 未知
分类: 新闻, 名称: RTNews, 总数: 3, 有效率: 0.00%, 有效: 0, IPv4: 3, IPv6: 0, 最小延迟: 455 ms, 最高速率: 0.43 MiB/s, 平均速率: 0.00 MiB/s, 最高分辨率: 1920x1080, 平均帧率: 25.0, 视频编解码器: h264, 音频编解码器: aac
分类: 新闻, 名称: NHKWorld-Japan, 总数: 5, 有效率: 20.00%, 有效: 1, IPv4: 5, IPv6: 0, 最小延迟: 39 ms, 最高速率: 28.85 MiB/s, 平均速率: 28.85 MiB/s, 最高分辨率: 1920x1080, 平均帧率: 29.97, 视频编解码器: 未知, 音频编解码器: 未知
分类: 新闻, 名称: CBCNews, 总数: 4, 有效率: 25.00%, 有效: 1, IPv4: 4, IPv6: 0, 最小延迟: 23 ms, 最高速率: 102.42 MiB/s, 平均速率: 102.42 MiB/s, 最高分辨率: 1920x1080, 平均帧率: 29.97, 视频编解码器: 未知, 音频编解码器: 未知
分类: 新闻, 名称: AlJazeera English, 总数: 11, 有效率: 54.55%, 有效: 6, IPv4: 11, IPv6: 0, 最小延迟: 36 ms, 最高速率: 75.46 MiB/s, 平均速率: 29.58 MiB/s, 最高分辨率: 1920x1080, 平均帧率: 25.0, 视频编解码器: h264, 音频编解码器: aac
分类: 新闻, 名称: CNA新加坡, 总数: 4, 有效率: 25.00%, 有效: 1, IPv4: 4, IPv6: 0, 最小延迟: 332 ms, 最高速率: 1.53 MiB/s, 平均速率: 1.53 MiB/s, 最高分辨率: 1920x1080, 平均帧率: 37.5, 视频编解码器: h264, 音频编解码器: aac
分类: 新闻, 名称: TRTWorld, 总数: 3, 有效率: 33.33%, 有效: 1, IPv4: 3, IPv6: 0, 最小延迟: 630 ms, 最高速率: 0.36 MiB/s, 平均速率: 0.36 MiB/s, 最高分辨率: 2560x1440, 平均帧率: 25.0, 视频编解码器: 未知, 音频编解码器: 未知
分类: 新闻, 名称: GBNews, 总数: 4, 有效率: 50.00%, 有效: 2, IPv4: 4, IPv6: 0, 最小延迟: 330 ms, 最高速率: 10.21 MiB/s, 平均速率: 5.82 MiB/s, 最高分辨率: 1920x1080, 平均帧率: 25.0, 视频编解码器: 未知, 音频编解码器: 未知
分类: 新闻, 名称: ArirangTV, 总数: 2, 有效率: 0.00%, 有效: 0, IPv4: 2, IPv6: 0, 最小延迟: 202 ms, 最高速率: 0.88 MiB/s, 平均速率: 0.00 MiB/s, 最高分辨率: 1920x1080, 平均帧率: 30.0, 视频编解码器: 未知, 音频编解码器: 未知
分类: 新闻, 名称: CGTN, 总数: 315, 有效率: 3.17%, 有效: 10, IPv4: 315, IPv6: 0, 最小延迟: 9 ms, 最高速率: 87.64 MiB/s, 平均速率: 31.77 MiB/s, 最高分辨率: 1920x1080, 平均帧率: 26.1, 视频编解码器: h264, 音频编解码器: aac
分类: 电影, 名称: 凤凰电影频道, 总数: 10, 有效率: 0.00%, 有效: 0, IPv4: 10, IPv6: 0, 最小延迟: — ms, 最高速率: 0.00 MiB/s, 平均速率: 0.00 MiB/s, 最高分辨率: —, 平均帧率: 未知, 视频编解码器: 未知, 音频编解码器: 未知
分类: 电影, 名称: POPC, 总数: 6, 有效率: 0.00%, 有效: 0, IPv4: 6, IPv6: 0, 最小延迟: — ms, 最高速率: 0.00 MiB/s, 平均速率: 0.00 MiB/s, 最高分辨率: —, 平均帧率: 未知, 视频编解码器: 未知, 音频编解码器: 未知
分类: 电影, 名称: 美亚电影, 总数: 10, 有效率: 0.00%, 有效: 0, IPv4: 10, IPv6: 0, 最小延迟: — ms, 最高速率: 0.00 MiB/s, 平均速率: 0.00 MiB/s, 最高分辨率: —, 平均帧率: 未知, 视频编解码器: 未知, 音频编解码器: 未知
分类: 电影, 名称: 天映频道, 总数: 10, 有效率: 0.00%, 有效: 0, IPv4: 10, IPv6: 0, 最小延迟: 180 ms, 最高速率: 0.00 MiB/s, 平均速率: 0.00 MiB/s, 最高分辨率: —, 平均帧率: 未知, 视频编解码器: 未知, 音频编解码器: 未知
分类: 电影, 名称: 天映经典, 总数: 10, 有效率: 0.00%, 有效: 0, IPv4: 10, IPv6: 0, 最小延迟: — ms, 最高速率: 0.00 MiB/s, 平均速率: 0.00 MiB/s, 最高分辨率: —, 平均帧率: 未知, 视频编解码器: 未知, 音频编解码器: 未知
分类: 电影, 名称: NOW爆谷台, 总数: 10, 有效率: 0.00%, 有效: 0, IPv4: 10, IPv6: 0, 最小延迟: 229 ms, 最高速率: 0.00 MiB/s, 平均速率: 0.00 MiB/s, 最高分辨率: —, 平均帧率: 未知, 视频编解码器: 未知, 音频编解码器: 未知
分类: 电影, 名称: NOW星影台, 总数: 9, 有效率: 0.00%, 有效: 0, IPv4: 9, IPv6: 0, 最小延迟: 217 ms, 最高速率: 0.00 MiB/s, 平均速率: 0.00 MiB/s, 最高分辨率: —, 平均帧率: 未知, 视频编解码器: 未知, 音频编解码器: 未知
分类: 电影, 名称: 澳门莲花, 总数: 6, 有效率: 0.00%, 有效: 0, IPv4: 6, IPv6: 0, 最小延迟: — ms, 最高速率: 0.00 MiB/s, 平均速率: 0.00 MiB/s, 最高分辨率: —, 平均帧率: 未知, 视频编解码器: 未知, 音频编解码器: 未知
分类: 电影, 名称: Astro AOD, 总数: 5, 有效率: 0.00%, 有效: 0, IPv4: 5, IPv6: 0, 最小延迟: — ms, 最高速率: 0.00 MiB/s, 平均速率: 0.00 MiB/s, 最高分辨率: —, 平均帧率: 未知, 视频编解码器: 未知, 音频编解码器: 未知
分类: 电影, 名称: Astro QJ, 总数: 2, 有效率: 0.00%, 有效: 0, IPv4: 2, IPv6: 0, 最小延迟: — ms, 最高速率: 0.00 MiB/s, 平均速率: 0.00 MiB/s, 最高分辨率: —, 平均帧率: 未知, 视频编解码器: 未知, 音频编解码器: 未知
分类: 电影, 名称: Astro AEC, 总数: 3, 有效率: 0.00%, 有效: 0, IPv4: 3, IPv6: 0, 最小延迟: — ms, 最高速率: 0.00 MiB/s, 平均速率: 0.00 MiB/s, 最高分辨率: —, 平均帧率: 未知, 视频编解码器: 未知, 音频编解码器: 未知
分类: 电影, 名称: Astro欢喜台, 总数: 4, 有效率: 0.00%, 有效: 0, IPv4: 4, IPv6: 0, 最小延迟: — ms, 最高速率: 0.00 MiB/s, 平均速率: 0.00 MiB/s, 最高分辨率: —, 平均帧率: 未知, 视频编解码器: 未知, 音频编解码器: 未知
分类: 电影, 名称: 東森電影, 总数: 9, 有效率: 11.11%, 有效: 1, IPv4: 9, IPv6: 0, 最小延迟: 34 ms, 最高速率: 7.91 MiB/s, 平均速率: 7.91 MiB/s, 最高分辨率: 1280x720, 平均帧率: 60.0, 视频编解码器: h264, 音频编解码器: aac
分类: 电影, 名称: 緯來電影, 总数: 8, 有效率: 0.00%, 有效: 0, IPv4: 8, IPv6: 0, 最小延迟: — ms, 最高速率: 0.00 MiB/s, 平均速率: 0.00 MiB/s, 最高分辨率: —, 平均帧率: 未知, 视频编解码器: 未知, 音频编解码器: 未知
分类: 电影, 名称: 龍華電影, 总数: 8, 有效率: 0.00%, 有效: 0, IPv4: 8, IPv6: 0, 最小延迟: — ms, 最高速率: 0.00 MiB/s, 平均速率: 0.00 MiB/s, 最高分辨率: —, 平均帧率: 未知, 视频编解码器: 未知, 音频编解码器: 未知
分类: 电影, 名称: 龙华洋片, 总数: 5, 有效率: 0.00%, 有效: 0, IPv4: 5, IPv6: 0, 最小延迟: 108 ms, 最高速率: 0.00 MiB/s, 平均速率: 0.00 MiB/s, 最高分辨率: —, 平均帧率: 未知, 视频编解码器: 未知, 音频编解码器: 未知
分类: 电影, 名称: 靖天电影, 总数: 8, 有效率: 0.00%, 有效: 0, IPv4: 8, IPv6: 0, 最小延迟: — ms, 最高速率: 0.00 MiB/s, 平均速率: 0.00 MiB/s, 最高分辨率: —, 平均帧率: 未知, 视频编解码器: 未知, 音频编解码器: 未知
分类: 电影, 名称: 靖天映畫, 总数: 7, 有效率: 0.00%, 有效: 0, IPv4: 7, IPv6: 0, 最小延迟: — ms, 最高速率: 0.00 MiB/s, 平均速率: 0.00 MiB/s, 最高分辨率: —, 平均帧率: 未知, 视频编解码器: 未知, 音频编解码器: 未知
分类: 电影, 名称: 靖洋戲劇, 总数: 7, 有效率: 0.00%, 有效: 0, IPv4: 7, IPv6: 0, 最小延迟: — ms, 最高速率: 0.00 MiB/s, 平均速率: 0.00 MiB/s, 最高分辨率: —, 平均帧率: 未知, 视频编解码器: 未知, 音频编解码器: 未知
分类: 电影, 名称: 采昌影劇, 总数: 3, 有效率: 0.00%, 有效: 0, IPv4: 3, IPv6: 0, 最小延迟: — ms, 最高速率: 0.00 MiB/s, 平均速率: 0.00 MiB/s, 最高分辨率: —, 平均帧率: 未知, 视频编解码器: 未知, 音频编解码器: 未知
分类: 电影, 名称: 龙祥时代, 总数: 7, 有效率: 0.00%, 有效: 0, IPv4: 7, IPv6: 0, 最小延迟: 214 ms, 最高速率: 0.00 MiB/s, 平均速率: 0.00 MiB/s, 最高分辨率: —, 平均帧率: 未知, 视频编解码器: 未知, 音频编解码器: 未知
分类: 电影, 名称: 影迷數位電影台, 总数: 4, 有效率: 0.00%, 有效: 0, IPv4: 4, IPv6: 0, 最小延迟: — ms, 最高速率: 0.00 MiB/s, 平均速率: 0.00 MiB/s, 最高分辨率: —, 平均帧率: 未知, 视频编解码器: 未知, 音频编解码器: 未知
分类: 电影, 名称: ROCK Action, 总数: 7, 有效率: 0.00%, 有效: 0, IPv4: 7, IPv6: 0, 最小延迟: 109 ms, 最高速率: 0.00 MiB/s, 平均速率: 0.00 MiB/s, 最高分辨率: —, 平均帧率: 未知, 视频编解码器: 未知, 音频编解码器: 未知
分类: 电影, 名称: amc電影台, 总数: 5, 有效率: 0.00%, 有效: 0, IPv4: 5, IPv6: 0, 最小延迟: — ms, 最高速率: 0.00 MiB/s, 平均速率: 0.00 MiB/s, 最高分辨率: —, 平均帧率: 未知, 视频编解码器: 未知, 音频编解码器: 未知
分类: 电影, 名称: AXN, 总数: 10, 有效率: 0.00%, 有效: 0, IPv4: 10, IPv6: 0, 最小延迟: 190 ms, 最高速率: 0.20 MiB/s, 平均速率: 0.00 MiB/s, 最高分辨率: —, 平均帧率: 未知, 视频编解码器: 未知, 音频编解码器: aac
分类: 电影, 名称: CinemaWorld, 总数: 4, 有效率: 0.00%, 有效: 0, IPv4: 4, IPv6: 0, 最小延迟: — ms, 最高速率: 0.00 MiB/s, 平均速率: 0.00 MiB/s, 最高分辨率: —, 平均帧率: 未知, 视频编解码器: 未知, 音频编解码器: 未知
分类: 电影, 名称: Cinemax, 总数: 11, 有效率: 27.27%, 有效: 3, IPv4: 11, IPv6: 0, 最小延迟: 113 ms, 最高速率: 10.42 MiB/s, 平均速率: 4.76 MiB/s, 最高分辨率: 1920x1080, 平均帧率: 47.95, 视频编解码器: h264, 音频编解码器: aac
分类: 电影, 名称: Blokbaster, 总数: 1, 有效率: 100.00%, 有效: 1, IPv4: 1, IPv6: 0, 最小延迟: 190 ms, 最高速率: 0.58 MiB/s, 平均速率: 0.58 MiB/s, 最高分辨率: 1920x1080, 平均帧率: 25.0, 视频编解码器: 未知, 音频编解码器: 未知
分类: 电影, 名称: HBO, 总数: 24, 有效率: 8.33%, 有效: 2, IPv4: 24, IPv6: 0, 最小延迟: 25 ms, 最高速率: 75.49 MiB/s, 平均速率: 39.74 MiB/s, 最高分辨率: 1920x1080, 平均帧率: 59.94, 视频编解码器: 未知, 音频编解码器: 未知
分类: 电影, 名称: HBO强档, 总数: 2, 有效率: 0.00%, 有效: 0, IPv4: 2, IPv6: 0, 最小延迟: — ms, 最高速率: 0.00 MiB/s, 平均速率: 0.00 MiB/s, 最高分辨率: —, 平均帧率: 未知, 视频编解码器: 未知, 音频编解码器: 未知
分类: 电影, 名称: HBO家庭, 总数: 3, 有效率: 0.00%, 有效: 0, IPv4: 3, IPv6: 0, 最小延迟: — ms, 最高速率: 0.00 MiB/s, 平均速率: 0.00 MiB/s, 最高分辨率: —, 平均帧率: 未知, 视频编解码器: 未知, 音频编解码器: 未知
分类: 电影, 名称: Home plus, 总数: 1, 有效率: 0.00%, 有效: 0, IPv4: 1, IPv6: 0, 最小延迟: — ms, 最高速率: 0.00 MiB/s, 平均速率: 0.00 MiB/s, 最高分辨率: —, 平均帧率: 未知, 视频编解码器: 未知, 音频编解码器: 未知
分类: 电影, 名称: MovieSphere AU, 总数: 4, 有效率: 100.00%, 有效: 4, IPv4: 4, IPv6: 0, 最小延迟: 38 ms, 最高速率: 48.75 MiB/s, 平均速率: 20.63 MiB/s, 最高分辨率: 1920x1080, 平均帧率: 29.97, 视频编解码器: 未知, 音频编解码器: 未知
分类: 电影, 名称: OuterSphere, 总数: 1, 有效率: 100.00%, 有效: 1, IPv4: 1, IPv6: 0, 最小延迟: 12 ms, 最高速率: 63.61 MiB/s, 平均速率: 63.61 MiB/s, 最高分辨率: 1920x1080, 平均帧率: 29.97, 视频编解码器: 未知, 音频编解码器: 未知
分类: 电影, 名称: 壹电视电影, 总数: 2, 有效率: 0.00%, 有效: 0, IPv4: 2, IPv6: 0, 最小延迟: — ms, 最高速率: 0.00 MiB/s, 平均速率: 0.00 MiB/s, 最高分辨率: —, 平均帧率: 未知, 视频编解码器: 未知, 音频编解码器: 未知
分类: 电影, 名称: Star Channel, 总数: 5, 有效率: 20.00%, 有效: 1, IPv4: 5, IPv6: 0, 最小延迟: 130 ms, 最高速率: 4.09 MiB/s, 平均速率: 4.09 MiB/s, 最高分辨率: 1920x1080, 平均帧率: 27.48, 视频编解码器: 未知, 音频编解码器: 未知
分类: 电影, 名称: Mega Cine TV, 总数: 1, 有效率: 0.00%, 有效: 0, IPv4: 1, IPv6: 0, 最小延迟: 179 ms, 最高速率: 0.33 MiB/s, 平均速率: 0.00 MiB/s, 最高分辨率: 1920x1080, 平均帧率: 30.0, 视频编解码器: 未知, 音频编解码器: 未知
分类: 电影, 名称: 经典電影, 总数: 36, 有效率: 0.00%, 有效: 0, IPv4: 36, IPv6: 0, 最小延迟: 108 ms, 最高速率: 0.00 MiB/s, 平均速率: 0.00 MiB/s, 最高分辨率: —, 平均帧率: 未知, 视频编解码器: 未知, 音频编解码器: 未知
分类: 电影, 名称: 好萊塢电影, 总数: 4, 有效率: 0.00%, 有效: 0, IPv4: 4, IPv6: 0, 最小延迟: — ms, 最高速率: 0.00 MiB/s, 平均速率: 0.00 MiB/s, 最高分辨率: —, 平均帧率: 未知, 视频编解码器: 未知, 音频编解码器: 未知
分类: 电影, 名称: TVB星河, 总数: 10, 有效率: 0.00%, 有效: 0, IPv4: 10, IPv6: 0, 最小延迟: — ms, 最高速率: 0.00 MiB/s, 平均速率: 0.00 MiB/s, 最高分辨率: —, 平均帧率: 未知, 视频编解码器: 未知, 音频编解码器: 未知
分类: 电影, 名称: Sony Movies, 总数: 1, 有效率: 100.00%, 有效: 1, IPv4: 1, IPv6: 0, 最小延迟: 197 ms, 最高速率: 1.64 MiB/s, 平均速率: 1.64 MiB/s, 最高分辨率: 1280x720, 平均帧率: 30.0, 视频编解码器: 未知, 音频编解码器: 未知
分类: 电影, 名称: 劉德華, 总数: 18, 有效率: 5.56%, 有效: 1, IPv4: 18, IPv6: 0, 最小延迟: 9 ms, 最高速率: 137.64 MiB/s, 平均速率: 31.33 MiB/s, 最高分辨率: 1280x720, 平均帧率: 25.99, 视频编解码器: h264, 音频编解码器: aac
分类: 电影, 名称: 中国电影, 总数: 2, 有效率: 0.00%, 有效: 0, IPv4: 2, IPv6: 0, 最小延迟: — ms, 最高速率: 0.00 MiB/s, 平均速率: 0.00 MiB/s, 最高分辨率: —, 平均帧率: 未知, 视频编解码器: 未知, 音频编解码器: 未知
分类: 电影, 名称: HBOSignature, 总数: 2, 有效率: 0.00%, 有效: 0, IPv4: 2, IPv6: 0, 最小延迟: 6160 ms, 最高速率: 0.06 MiB/s, 平均速率: 0.00 MiB/s, 最高分辨率: —, 平均帧率: 未知, 视频编解码器: 未知, 音频编解码器: 未知
分类: 电影, 名称: 成龍, 总数: 7, 有效率: 28.57%, 有效: 2, IPv4: 7, IPv6: 0, 最小延迟: 34 ms, 最高速率: 9.20 MiB/s, 平均速率: 7.91 MiB/s, 最高分辨率: 1280x720, 平均帧率: 36.67, 视频编解码器: h264, 音频编解码器: aac
分类: 电影, 名称: MyCinemaEurope, 总数: 1, 有效率: 0.00%, 有效: 0, IPv4: 1, IPv6: 0, 最小延迟: — ms, 最高速率: 0.00 MiB/s, 平均速率: 0.00 MiB/s, 最高分辨率: —, 平均帧率: 未知, 视频编解码器: 未知, 音频编解码器: 未知
分类: 电影, 名称: 周星馳, 总数: 12, 有效率: 41.67%, 有效: 5, IPv4: 12, IPv6: 0, 最小延迟: 31 ms, 最高速率: 29.91 MiB/s, 平均速率: 10.85 MiB/s, 最高分辨率: 1920x1080, 平均帧率: 26.67, 视频编解码器: h264, 音频编解码器: aac
分类: 电影, 名称: 周潤發, 总数: 6, 有效率: 33.33%, 有效: 2, IPv4: 6, IPv6: 0, 最小延迟: 32 ms, 最高速率: 22.15 MiB/s, 平均速率: 5.73 MiB/s, 最高分辨率: 1280x720, 平均帧率: 36.67, 视频编解码器: h264, 音频编解码器: aac
分类: 电影, 名称: 王晶, 总数: 5, 有效率: 20.00%, 有效: 1, IPv4: 5, IPv6: 0, 最小延迟: 1085 ms, 最高速率: 0.84 MiB/s, 平均速率: 0.84 MiB/s, 最高分辨率: —, 平均帧率: 未知, 视频编解码器: 未知, 音频编解码器: 未知
分类: 电影, 名称: 沈腾, 总数: 5, 有效率: 20.00%, 有效: 1, IPv4: 5, IPv6: 0, 最小延迟: 2260 ms, 最高速率: 0.68 MiB/s, 平均速率: 0.68 MiB/s, 最高分辨率: —, 平均帧率: 未知, 视频编解码器: 未知, 音频编解码器: 未知
分类: 电影, 名称: 黄渤, 总数: 3, 有效率: 0.00%, 有效: 0, IPv4: 3, IPv6: 0, 最小延迟: 1548 ms, 最高速率: 0.03 MiB/s, 平均速率: 0.00 MiB/s, 最高分辨率: —, 平均帧率: 未知, 视频编解码器: 未知, 音频编解码器: 未知
分类: 电影, 名称: 功夫台, 总数: 7, 有效率: 0.00%, 有效: 0, IPv4: 7, IPv6: 0, 最小延迟: 216 ms, 最高速率: 0.00 MiB/s, 平均速率: 0.00 MiB/s, 最高分辨率: —, 平均帧率: 未知, 视频编解码器: 未知, 音频编解码器: 未知
分类: 电影, 名称: 古天乐, 总数: 4, 有效率: 25.00%, 有效: 1, IPv4: 4, IPv6: 0, 最小延迟: 2140 ms, 最高速率: 0.53 MiB/s, 平均速率: 0.53 MiB/s, 最高分辨率: —, 平均帧率: 未知, 视频编解码器: 未知, 音频编解码器: 未知
分类: 电影, 名称: 李連杰, 总数: 4, 有效率: 0.00%, 有效: 0, IPv4: 4, IPv6: 0, 最小延迟: 1131 ms, 最高速率: 0.00 MiB/s, 平均速率: 0.00 MiB/s, 最高分辨率: —, 平均帧率: 未知, 视频编解码器: 未知, 音频编解码器: 未知
分类: 电影, 名称: 甄子丹, 总数: 4, 有效率: 0.00%, 有效: 0, IPv4: 4, IPv6: 0, 最小延迟: 1264 ms, 最高速率: 0.23 MiB/s, 平均速率: 0.00 MiB/s, 最高分辨率: —, 平均帧率: 未知, 视频编解码器: 未知, 音频编解码器: 未知
分类: 电影, 名称: 洪金宝, 总数: 6, 有效率: 0.00%, 有效: 0, IPv4: 6, IPv6: 0, 最小延迟: 2245 ms, 最高速率: 0.02 MiB/s, 平均速率: 0.00 MiB/s, 最高分辨率: —, 平均帧率: 未知, 视频编解码器: 未知, 音频编解码器: 未知
分类: 电影, 名称: 邵氏电影, 总数: 1, 有效率: 0.00%, 有效: 0, IPv4: 1, IPv6: 0, 最小延迟: — ms, 最高速率: 0.00 MiB/s, 平均速率: 0.00 MiB/s, 最高分辨率: —, 平均帧率: 未知, 视频编解码器: 未知, 音频编解码器: 未知
分类: 少儿, 名称: 卡酷少儿, 总数: 43, 有效率: 0.00%, 有效: 0, IPv4: 43, IPv6: 0, 最小延迟: 213 ms, 最高速率: 0.00 MiB/s, 平均速率: 0.00 MiB/s, 最高分辨率: —, 平均帧率: 未知, 视频编解码器: 未知, 音频编解码器: 未知
分类: 少儿, 名称: 龙华卡通, 总数: 3, 有效率: 0.00%, 有效: 0, IPv4: 3, IPv6: 0, 最小延迟: — ms, 最高速率: 0.00 MiB/s, 平均速率: 0.00 MiB/s, 最高分辨率: —, 平均帧率: 未知, 视频编解码器: 未知, 音频编解码器: 未知
分类: 少儿, 名称: ZOOMOO, 总数: 6, 有效率: 33.33%, 有效: 2, IPv4: 6, IPv6: 0, 最小延迟: 37 ms, 最高速率: 46.95 MiB/s, 平均速率: 41.36 MiB/s, 最高分辨率: 1920x1080, 平均帧率: 25.0, 视频编解码器: h264, 音频编解码器: aac
分类: 少儿, 名称: 广东少儿, 总数: 47, 有效率: 8.51%, 有效: 4, IPv4: 47, IPv6: 0, 最小延迟: 32 ms, 最高速率: 13.65 MiB/s, 平均速率: 9.04 MiB/s, 最高分辨率: 1280x720, 平均帧率: 26.25, 视频编解码器: h264, 音频编解码器: aac
分类: 少儿, 名称: NICKELODEON, 总数: 1, 有效率: 100.00%, 有效: 1, IPv4: 1, IPv6: 0, 最小延迟: 692 ms, 最高速率: 0.44 MiB/s, 平均速率: 0.44 MiB/s, 最高分辨率: 1280x720, 平均帧率: 25.0, 视频编解码器: h264, 音频编解码器: aac
分类: 少儿, 名称: MOMO亲子, 总数: 2, 有效率: 0.00%, 有效: 0, IPv4: 2, IPv6: 0, 最小延迟: — ms, 最高速率: 0.00 MiB/s, 平均速率: 0.00 MiB/s, 最高分辨率: —, 平均帧率: 未知, 视频编解码器: 未知, 音频编解码器: 未知
分类: 少儿, 名称: 靖天卡通, 总数: 6, 有效率: 16.67%, 有效: 1, IPv4: 6, IPv6: 0, 最小延迟: 682 ms, 最高速率: 1.52 MiB/s, 平均速率: 1.52 MiB/s, 最高分辨率: 1920x1080, 平均帧率: 30.0, 视频编解码器: h264, 音频编解码器: aac
分类: 少儿, 名称: 靖洋卡通, 总数: 4, 有效率: 0.00%, 有效: 0, IPv4: 4, IPv6: 0, 最小延迟: — ms, 最高速率: 0.00 MiB/s, 平均速率: 0.00 MiB/s, 最高分辨率: —, 平均帧率: 未知, 视频编解码器: 未知, 音频编解码器: 未知
分类: 少儿, 名称: 山东少儿, 总数: 4, 有效率: 0.00%, 有效: 0, IPv4: 4, IPv6: 0, 最小延迟: — ms, 最高速率: 0.00 MiB/s, 平均速率: 0.00 MiB/s, 最高分辨率: —, 平均帧率: 未知, 视频编解码器: 未知, 音频编解码器: 未知
分类: 少儿, 名称: 东森幼幼, 总数: 3, 有效率: 0.00%, 有效: 0, IPv4: 3, IPv6: 0, 最小延迟: — ms, 最高速率: 0.00 MiB/s, 平均速率: 0.00 MiB/s, 最高分辨率: —, 平均帧率: 未知, 视频编解码器: 未知, 音频编解码器: 未知
分类: 少儿, 名称: Boomerang, 总数: 3, 有效率: 0.00%, 有效: 0, IPv4: 3, IPv6: 0, 最小延迟: 416 ms, 最高速率: 0.41 MiB/s, 平均速率: 0.00 MiB/s, 最高分辨率: 1920x1080, 平均帧率: 59.94, 视频编解码器: h264, 音频编解码器: aac
分类: 少儿, 名称: Animax, 总数: 5, 有效率: 0.00%, 有效: 0, IPv4: 5, IPv6: 0, 最小延迟: — ms, 最高速率: 0.00 MiB/s, 平均速率: 0.00 MiB/s, 最高分辨率: —, 平均帧率: 未知, 视频编解码器: 未知, 音频编解码器: 未知
分类: 少儿, 名称: ELTV生活英語, 总数: 2, 有效率: 0.00%, 有效: 0, IPv4: 2, IPv6: 0, 最小延迟: — ms, 最高速率: 0.00 MiB/s, 平均速率: 0.00 MiB/s, 最高分辨率: —, 平均帧率: 未知, 视频编解码器: 未知, 音频编解码器: 未知
分类: 少儿, 名称: DisneyJunior, 总数: 3, 有效率: 0.00%, 有效: 0, IPv4: 3, IPv6: 0, 最小延迟: 301 ms, 最高速率: 0.50 MiB/s, 平均速率: 0.00 MiB/s, 最高分辨率: 1024x576, 平均帧率: 25.0, 视频编解码器: h264, 音频编解码器: aac
分类: 少儿, 名称: CN卡通, 总数: 1, 有效率: 0.00%, 有效: 0, IPv4: 1, IPv6: 0, 最小延迟: 95 ms, 最高速率: 0.41 MiB/s, 平均速率: 0.00 MiB/s, 最高分辨率: 1920x1080, 平均帧率: 59.94, 视频编解码器: h264, 音频编解码器: aac
分类: 音乐, 名称: MezzoLive, 总数: 4, 有效率: 25.00%, 有效: 1, IPv4: 4, IPv6: 0, 最小延迟: 236 ms, 最高速率: 0.57 MiB/s, 平均速率: 0.57 MiB/s, 最高分辨率: 1920x1080, 平均帧率: 25.0, 视频编解码器: 未知, 音频编解码器: 未知
分类: 音乐, 名称: CLASSICA古典乐, 总数: 1, 有效率: 0.00%, 有效: 0, IPv4: 1, IPv6: 0, 最小延迟: — ms, 最高速率: 0.00 MiB/s, 平均速率: 0.00 MiB/s, 最高分辨率: —, 平均帧率: 未知, 视频编解码器: 未知, 音频编解码器: 未知
分类: 音乐, 名称: TRACE Urban, 总数: 10, 有效率: 40.00%, 有效: 4, IPv4: 10, IPv6: 0, 最小延迟: 237 ms, 最高速率: 4.75 MiB/s, 平均速率: 2.53 MiB/s, 最高分辨率: 1920x1080, 平均帧率: 25.0, 视频编解码器: h264, 音频编解码器: aac
分类: 音乐, 名称: MTV, 总数: 34, 有效率: 14.71%, 有效: 5, IPv4: 34, IPv6: 0, 最小延迟: 7 ms, 最高速率: 27.73 MiB/s, 平均速率: 9.23 MiB/s, 最高分辨率: 1920x1080, 平均帧率: 37.75, 视频编解码器: h264, 音频编解码器: mp3
分类: 音乐, 名称: NOW 70s, 总数: 7, 有效率: 42.86%, 有效: 3, IPv4: 7, IPv6: 0, 最小延迟: 304 ms, 最高速率: 3.24 MiB/s, 平均速率: 1.67 MiB/s, 最高分辨率: 1280x720, 平均帧率: 25.0, 视频编解码器: h264, 音频编解码器: aac
分类: 音乐, 名称: NOW 80s, 总数: 8, 有效率: 50.00%, 有效: 4, IPv4: 8, IPv6: 0, 最小延迟: 305 ms, 最高速率: 4.66 MiB/s, 平均速率: 2.38 MiB/s, 最高分辨率: 1920x1080, 平均帧率: 25.0, 视频编解码器: 未知, 音频编解码器: 未知
分类: 音乐, 名称: NOW ROCK, 总数: 5, 有效率: 20.00%, 有效: 1, IPv4: 5, IPv6: 0, 最小延迟: 1084 ms, 最高速率: 1.30 MiB/s, 平均速率: 1.30 MiB/s, 最高分辨率: 1920x1080, 平均帧率: 25.0, 视频编解码器: 未知, 音频编解码器: 未知
分类: 纪录, 名称: LoveNature, 总数: 12, 有效率: 33.33%, 有效: 4, IPv4: 12, IPv6: 0, 最小延迟: 15 ms, 最高速率: 52.82 MiB/s, 平均速率: 23.76 MiB/s, 最高分辨率: 3840x2160, 平均帧率: 29.97, 视频编解码器: h264, 音频编解码器: aac
分类: 纪录, 名称: CGTNDocumentary, 总数: 4, 有效率: 25.00%, 有效: 1, IPv4: 4, IPv6: 0, 最小延迟: 316 ms, 最高速率: 0.31 MiB/s, 平均速率: 0.31 MiB/s, 最高分辨率: 1920x1080, 平均帧率: 30.0, 视频编解码器: h264, 音频编解码器: aac
分类: 纪录, 名称: BBCEarth, 总数: 4, 有效率: 50.00%, 有效: 2, IPv4: 4, IPv6: 0, 最小延迟: 113 ms, 最高速率: 1.61 MiB/s, 平均速率: 1.55 MiB/s, 最高分辨率: 1920x1080, 平均帧率: 25.0, 视频编解码器: hevc, 音频编解码器: aac
分类: 纪录, 名称: WildEarth, 总数: 2, 有效率: 100.00%, 有效: 2, IPv4: 2, IPv6: 0, 最小延迟: 10 ms, 最高速率: 56.62 MiB/s, 平均速率: 50.52 MiB/s, 最高分辨率: 1920x1080, 平均帧率: 27.48, 视频编解码器: h264, 音频编解码器: aac
分类: 纪录, 名称: History, 总数: 21, 有效率: 33.33%, 有效: 7, IPv4: 21, IPv6: 0, 最小延迟: 4 ms, 最高速率: 128.91 MiB/s, 平均速率: 20.51 MiB/s, 最高分辨率: 1920x1080, 平均帧率: 26.66, 视频编解码器: h264, 音频编解码器: aac
分类: 纪录, 名称: Discovery, 总数: 13, 有效率: 7.69%, 有效: 1, IPv4: 13, IPv6: 0, 最小延迟: 219 ms, 最高速率: 9.22 MiB/s, 平均速率: 9.22 MiB/s, 最高分辨率: 1920x1080, 平均帧率: 25.0, 视频编解码器: 未知, 音频编解码器: 未知
分类: 纪录, 名称: Tvn, 总数: 25, 有效率: 36.00%, 有效: 9, IPv4: 25, IPv6: 0, 最小延迟: 5 ms, 最高速率: 165.32 MiB/s, 平均速率: 36.99 MiB/s, 最高分辨率: 1920x1080, 平均帧率: 29.98, 视频编解码器: 未知, 音频编解码器: 未知
分类: 纪录, 名称: TLC, 总数: 4, 有效率: 0.00%, 有效: 0, IPv4: 4, IPv6: 0, 最小延迟: 419 ms, 最高速率: 0.00 MiB/s, 平均速率: 0.00 MiB/s, 最高分辨率: —, 平均帧率: 未知, 视频编解码器: 未知, 音频编解码器: 未知
分类: 纪录, 名称: HGTV, 总数: 5, 有效率: 20.00%, 有效: 1, IPv4: 5, IPv6: 0, 最小延迟: 322 ms, 最高速率: 3.50 MiB/s, 平均速率: 3.50 MiB/s, 最高分辨率: 1920x1080, 平均帧率: 25.0, 视频编解码器: 未知, 音频编解码器: 未知
分类: 纪录, 名称: 動物星球, 总数: 5, 有效率: 40.00%, 有效: 2, IPv4: 5, IPv6: 0, 最小延迟: 36 ms, 最高速率: 3.45 MiB/s, 平均速率: 2.60 MiB/s, 最高分辨率: 1280x720, 平均帧率: 42.5, 视频编解码器: h264, 音频编解码器: aac
分类: 纪录, 名称: 求索紀錄, 总数: 1, 有效率: 0.00%, 有效: 0, IPv4: 1, IPv6: 0, 最小延迟: — ms, 最高速率: 0.00 MiB/s, 平均速率: 0.00 MiB/s, 最高分辨率: —, 平均帧率: 未知, 视频编解码器: 未知, 音频编解码器: 未知
分类: 纪录, 名称: 亞洲旅遊, 总数: 2, 有效率: 0.00%, 有效: 0, IPv4: 2, IPv6: 0, 最小延迟: — ms, 最高速率: 0.00 MiB/s, 平均速率: 0.00 MiB/s, 最高分辨率: —, 平均帧率: 未知, 视频编解码器: 未知, 音频编解码器: 未知
分类: 纪录, 名称: 美食星球, 总数: 1, 有效率: 0.00%, 有效: 0, IPv4: 1, IPv6: 0, 最小延迟: — ms, 最高速率: 0.00 MiB/s, 平均速率: 0.00 MiB/s, 最高分辨率: —, 平均帧率: 未知, 视频编解码器: 未知, 音频编解码器: 未知
分类: 纪录, 名称: 亞洲美食, 总数: 1, 有效率: 0.00%, 有效: 0, IPv4: 1, IPv6: 0, 最小延迟: — ms, 最高速率: 0.00 MiB/s, 平均速率: 0.00 MiB/s, 最高分辨率: —, 平均帧率: 未知, 视频编解码器: 未知, 音频编解码器: 未知
分类: 纪录, 名称: Smart知識, 总数: 1, 有效率: 0.00%, 有效: 0, IPv4: 1, IPv6: 0, 最小延迟: — ms, 最高速率: 0.00 MiB/s, 平均速率: 0.00 MiB/s, 最高分辨率: —, 平均帧率: 未知, 视频编解码器: 未知, 音频编解码器: 未知
分类: 纪录, 名称: 探索科學頻道, 总数: 1, 有效率: 0.00%, 有效: 0, IPv4: 1, IPv6: 0, 最小延迟: — ms, 最高速率: 0.00 MiB/s, 平均速率: 0.00 MiB/s, 最高分辨率: —, 平均帧率: 未知, 视频编解码器: 未知, 音频编解码器: 未知
分类: 纪录, 名称: Lifetime, 总数: 9, 有效率: 11.11%, 有效: 1, IPv4: 9, IPv6: 0, 最小延迟: 187 ms, 最高速率: 5.19 MiB/s, 平均速率: 5.19 MiB/s, 最高分辨率: 1280x720, 平均帧率: 59.94, 视频编解码器: 未知, 音频编解码器: aac
分类: 纪录, 名称: BBC Lifestyle, 总数: 5, 有效率: 0.00%, 有效: 0, IPv4: 5, IPv6: 0, 最小延迟: — ms, 最高速率: 0.00 MiB/s, 平均速率: 0.00 MiB/s, 最高分辨率: —, 平均帧率: 未知, 视频编解码器: 未知, 音频编解码器: 未知
分类: 纪录, 名称: Global Trekker, 总数: 1, 有效率: 0.00%, 有效: 0, IPv4: 1, IPv6: 0, 最小延迟: — ms, 最高速率: 0.00 MiB/s, 平均速率: 0.00 MiB/s, 最高分辨率: —, 平均帧率: 未知, 视频编解码器: 未知, 音频编解码器: 未知
分类: 纪录, 名称: 求索纪录, 总数: 3, 有效率: 0.00%, 有效: 0, IPv4: 3, IPv6: 0, 最小延迟: — ms, 最高速率: 0.00 MiB/s, 平均速率: 0.00 MiB/s, 最高分辨率: —, 平均帧率: 未知, 视频编解码器: 未知, 音频编解码器: 未知
分类: 纪录, 名称: 国家地理, 总数: 27, 有效率: 33.33%, 有效: 9, IPv4: 27, IPv6: 0, 最小延迟: 5 ms, 最高速率: 180.75 MiB/s, 平均速率: 24.09 MiB/s, 最高分辨率: 1920x1080, 平均帧率: 29.43, 视频编解码器: hevc, 音频编解码器: aac
分类: 纪录, 名称: 求索科学, 总数: 2, 有效率: 0.00%, 有效: 0, IPv4: 2, IPv6: 0, 最小延迟: — ms, 最高速率: 0.00 MiB/s, 平均速率: 0.00 MiB/s, 最高分辨率: —, 平均帧率: 未知, 视频编解码器: 未知, 音频编解码器: 未知
分类: 纪录, 名称: 求索动物, 总数: 2, 有效率: 0.00%, 有效: 0, IPv4: 2, IPv6: 0, 最小延迟: — ms, 最高速率: 0.00 MiB/s, 平均速率: 0.00 MiB/s, 最高分辨率: —, 平均帧率: 未知, 视频编解码器: 未知, 音频编解码器: 未知
分类: 纪录, 名称: 求索生活, 总数: 2, 有效率: 0.00%, 有效: 0, IPv4: 2, IPv6: 0, 最小延迟: — ms, 最高速率: 0.00 MiB/s, 平均速率: 0.00 MiB/s, 最高分辨率: —, 平均帧率: 未知, 视频编解码器: 未知, 音频编解码器: 未知
分类: 纪录, 名称: 舌尖上的中国第2季, 总数: 2, 有效率: 0.00%, 有效: 0, IPv4: 2, IPv6: 0, 最小延迟: 1356 ms, 最高速率: 0.07 MiB/s, 平均速率: 0.00 MiB/s, 最高分辨率: —, 平均帧率: 未知, 视频编解码器: 未知, 音频编解码器: 未知
分类: 纪录, 名称: PET CLUB TV, 总数: 2, 有效率: 100.00%, 有效: 2, IPv4: 2, IPv6: 0, 最小延迟: 639 ms, 最高速率: 1.51 MiB/s, 平均速率: 1.49 MiB/s, 最高分辨率: 1920x1080, 平均帧率: 25.0, 视频编解码器: 未知, 音频编解码器: 未知
分类: 纪录, 名称: 探秘中华美食, 总数: 1, 有效率: 0.00%, 有效: 0, IPv4: 1, IPv6: 0, 最小延迟: — ms, 最高速率: 0.00 MiB/s, 平均速率: 0.00 MiB/s, 最高分辨率: —, 平均帧率: 未知, 视频编解码器: 未知, 音频编解码器: 未知
分类: 纪录, 名称: 舌尖上的中国第一季, 总数: 2, 有效率: 0.00%, 有效: 0, IPv4: 2, IPv6: 0, 最小延迟: 2530 ms, 最高速率: 0.04 MiB/s, 平均速率: 0.00 MiB/s, 最高分辨率: —, 平均帧率: 未知, 视频编解码器: 未知, 音频编解码器: 未知
分类: 纪录, 名称: 寻味顺德-美食纪录片, 总数: 1, 有效率: 0.00%, 有效: 0, IPv4: 1, IPv6: 0, 最小延迟: — ms, 最高速率: 0.00 MiB/s, 平均速率: 0.00 MiB/s, 最高分辨率: —, 平均帧率: 未知, 视频编解码器: 未知, 音频编解码器: 未知
分类: 纪录, 名称: 老广的味道 第3季-美食纪录片, 总数: 3, 有效率: 0.00%, 有效: 0, IPv4: 3, IPv6: 0, 最小延迟: — ms, 最高速率: 0.00 MiB/s, 平均速率: 0.00 MiB/s, 最高分辨率: —, 平均帧率: 未知, 视频编解码器: 未知, 音频编解码器: 未知
分类: 纪录, 名称: 中国味道 第4季-美食纪录片, 总数: 3, 有效率: 0.00%, 有效: 0, IPv4: 3, IPv6: 0, 最小延迟: — ms, 最高速率: 0.00 MiB/s, 平均速率: 0.00 MiB/s, 最高分辨率: —, 平均帧率: 未知, 视频编解码器: 未知, 音频编解码器: 未知
分类: 纪录, 名称: 易中天品三国, 总数: 4, 有效率: 0.00%, 有效: 0, IPv4: 4, IPv6: 0, 最小延迟: 1036 ms, 最高速率: 0.05 MiB/s, 平均速率: 0.00 MiB/s, 最高分辨率: —, 平均帧率: 未知, 视频编解码器: 未知, 音频编解码器: 未知
分类: 纪录, 名称: 百家讲坛――之明太祖朱元璋, 总数: 3, 有效率: 0.00%, 有效: 0, IPv4: 3, IPv6: 0, 最小延迟: 2392 ms, 最高速率: 0.05 MiB/s, 平均速率: 0.00 MiB/s, 最高分辨率: —, 平均帧率: 未知, 视频编解码器: 未知, 音频编解码器: 未知
分类: 纪录, 名称: 单挑荒野第一季, 总数: 3, 有效率: 0.00%, 有效: 0, IPv4: 3, IPv6: 0, 最小延迟: — ms, 最高速率: 0.00 MiB/s, 平均速率: 0.00 MiB/s, 最高分辨率: —, 平均帧率: 未知, 视频编解码器: 未知, 音频编解码器: 未知
分类: 纪录, 名称: 【荒野求生】德爷贝爷各种, 总数: 9, 有效率: 0.00%, 有效: 0, IPv4: 9, IPv6: 0, 最小延迟: 59 ms, 最高速率: 0.11 MiB/s, 平均速率: 0.00 MiB/s, 最高分辨率: —, 平均帧率: 未知, 视频编解码器: 未知, 音频编解码器: 未知
分类: 纪录, 名称: NASA TV, 总数: 1, 有效率: 0.00%, 有效: 0, IPv4: 1, IPv6: 0, 最小延迟: — ms, 最高速率: 0.00 MiB/s, 平均速率: 0.00 MiB/s, 最高分辨率: —, 平均帧率: 未知, 视频编解码器: 未知, 音频编解码器: 未知
分类: 纪录, 名称: 歷史頻道, 总数: 1, 有效率: 0.00%, 有效: 0, IPv4: 1, IPv6: 0, 最小延迟: — ms, 最高速率: 0.00 MiB/s, 平均速率: 0.00 MiB/s, 最高分辨率: —, 平均帧率: 未知, 视频编解码器: 未知, 音频编解码器: 未知
分类: 纪录, 名称: 直播中国精编直播, 总数: 2, 有效率: 50.00%, 有效: 1, IPv4: 2, IPv6: 0, 最小延迟: 1272 ms, 最高速率: 0.31 MiB/s, 平均速率: 0.31 MiB/s, 最高分辨率: 1280x720, 平均帧率: 25.0, 视频编解码器: h264, 音频编解码器: aac
分类: 纪录, 名称: Travel Channel, 总数: 1, 有效率: 0.00%, 有效: 0, IPv4: 1, IPv6: 0, 最小延迟: — ms, 最高速率: 0.00 MiB/s, 平均速率: 0.00 MiB/s, 最高分辨率: —, 平均帧率: 未知, 视频编解码器: 未知, 音频编解码器: 未知
分类: 纪录, 名称: 动物世界, 总数: 2, 有效率: 0.00%, 有效: 0, IPv4: 2, IPv6: 0, 最小延迟: — ms, 最高速率: 0.00 MiB/s, 平均速率: 0.00 MiB/s, 最高分辨率: —, 平均帧率: 未知, 视频编解码器: 未知, 音频编解码器: 未知
分类: 纪录, 名称: 一分钟学道菜, 总数: 2, 有效率: 0.00%, 有效: 0, IPv4: 2, IPv6: 0, 最小延迟: — ms, 最高速率: 0.00 MiB/s, 平均速率: 0.00 MiB/s, 最高分辨率: —, 平均帧率: 未知, 视频编解码器: 未知, 音频编解码器: 未知
分类: 纪录, 名称: 湖南张家界水绕四门, 总数: 1, 有效率: 0.00%, 有效: 0, IPv4: 1, IPv6: 0, 最小延迟: 4623 ms, 最高速率: 0.20 MiB/s, 平均速率: 0.00 MiB/s, 最高分辨率: —, 平均帧率: 未知, 视频编解码器: 未知, 音频编解码器: 未知
分类: 纪录, 名称: 百家讲坛-红楼梦篇, 总数: 2, 有效率: 0.00%, 有效: 0, IPv4: 2, IPv6: 0, 最小延迟: — ms, 最高速率: 0.00 MiB/s, 平均速率: 0.00 MiB/s, 最高分辨率: —, 平均帧率: 未知, 视频编解码器: 未知, 音频编解码器: 未知
分类: 纪录, 名称: 湖南张家界将军列队, 总数: 1, 有效率: 0.00%, 有效: 0, IPv4: 1, IPv6: 0, 最小延迟: 6041 ms, 最高速率: 0.04 MiB/s, 平均速率: 0.00 MiB/s, 最高分辨率: —, 平均帧率: 未知, 视频编解码器: 未知, 音频编解码器: 未知
分类: 纪录, 名称: NewTV精品纪录, 总数: 2, 有效率: 0.00%, 有效: 0, IPv4: 2, IPv6: 0, 最小延迟: — ms, 最高速率: 0.00 MiB/s, 平均速率: 0.00 MiB/s, 最高分辨率: —, 平均帧率: 未知, 视频编解码器: 未知, 音频编解码器: 未知
分类: 纪录, 名称: NewTV军事评论, 总数: 2, 有效率: 0.00%, 有效: 0, IPv4: 2, IPv6: 0, 最小延迟: — ms, 最高速率: 0.00 MiB/s, 平均速率: 0.00 MiB/s, 最高分辨率: —, 平均帧率: 未知, 视频编解码器: 未知, 音频编解码器: 未知
分类: 纪录, 名称: 湖南张家界迷魂台, 总数: 1, 有效率: 0.00%, 有效: 0, IPv4: 1, IPv6: 0, 最小延迟: 7034 ms, 最高速率: 0.03 MiB/s, 平均速率: 0.00 MiB/s, 最高分辨率: —, 平均帧率: 未知, 视频编解码器: 未知, 音频编解码器: 未知
分类: 纪录, 名称: 湖南张家界宝峰湖, 总数: 1, 有效率: 0.00%, 有效: 0, IPv4: 1, IPv6: 0, 最小延迟: — ms, 最高速率: 0.00 MiB/s, 平均速率: 0.00 MiB/s, 最高分辨率: —, 平均帧率: 未知, 视频编解码器: 未知, 音频编解码器: 未知
分类: 纪录, 名称: 湖南张家界御笔峰, 总数: 1, 有效率: 0.00%, 有效: 0, IPv4: 1, IPv6: 0, 最小延迟: — ms, 最高速率: 0.00 MiB/s, 平均速率: 0.00 MiB/s, 最高分辨率: —, 平均帧率: 未知, 视频编解码器: 未知, 音频编解码器: 未知
分类: 纪录, 名称: 湖南张家界天门山西线玻璃栈道, 总数: 1, 有效率: 0.00%, 有效: 0, IPv4: 1, IPv6: 0, 最小延迟: — ms, 最高速率: 0.00 MiB/s, 平均速率: 0.00 MiB/s, 最高分辨率: —, 平均帧率: 未知, 视频编解码器: 未知, 音频编解码器: 未知
分类: 纪录, 名称: 四川峨眉山云海日出, 总数: 1, 有效率: 0.00%, 有效: 0, IPv4: 1, IPv6: 0, 最小延迟: — ms, 最高速率: 0.00 MiB/s, 平均速率: 0.00 MiB/s, 最高分辨率: —, 平均帧率: 未知, 视频编解码器: 未知, 音频编解码器: 未知
分类: 纪录, 名称: 四川峨眉山远眺贡嘎雪山, 总数: 1, 有效率: 0.00%, 有效: 0, IPv4: 1, IPv6: 0, 最小延迟: — ms, 最高速率: 0.00 MiB/s, 平均速率: 0.00 MiB/s, 最高分辨率: —, 平均帧率: 未知, 视频编解码器: 未知, 音频编解码器: 未知
分类: 纪录, 名称: 四川峨眉山普贤菩萨铜像, 总数: 1, 有效率: 0.00%, 有效: 0, IPv4: 1, IPv6: 0, 最小延迟: — ms, 最高速率: 0.00 MiB/s, 平均速率: 0.00 MiB/s, 最高分辨率: —, 平均帧率: 未知, 视频编解码器: 未知, 音频编解码器: 未知
分类: 纪录, 名称: 四川峨眉山远眺万佛顶, 总数: 1, 有效率: 0.00%, 有效: 0, IPv4: 1, IPv6: 0, 最小延迟: — ms, 最高速率: 0.00 MiB/s, 平均速率: 0.00 MiB/s, 最高分辨率: —, 平均帧率: 未知, 视频编解码器: 未知, 音频编解码器: 未知
分类: 纪录, 名称: 新疆天山(定海神针), 总数: 1, 有效率: 0.00%, 有效: 0, IPv4: 1, IPv6: 0, 最小延迟: — ms, 最高速率: 0.00 MiB/s, 平均速率: 0.00 MiB/s, 最高分辨率: —, 平均帧率: 未知, 视频编解码器: 未知, 音频编解码器: 未知
分类: 纪录, 名称: 新疆天山(马牙山), 总数: 1, 有效率: 0.00%, 有效: 0, IPv4: 1, IPv6: 0, 最小延迟: — ms, 最高速率: 0.00 MiB/s, 平均速率: 0.00 MiB/s, 最高分辨率: —, 平均帧率: 未知, 视频编解码器: 未知, 音频编解码器: 未知
分类: 纪录, 名称: 新疆天山(灯杆山), 总数: 1, 有效率: 0.00%, 有效: 0, IPv4: 1, IPv6: 0, 最小延迟: — ms, 最高速率: 0.00 MiB/s, 平均速率: 0.00 MiB/s, 最高分辨率: —, 平均帧率: 未知, 视频编解码器: 未知, 音频编解码器: 未知
分类: 纪录, 名称: 厦门鼓浪屿, 总数: 1, 有效率: 0.00%, 有效: 0, IPv4: 1, IPv6: 0, 最小延迟: — ms, 最高速率: 0.00 MiB/s, 平均速率: 0.00 MiB/s, 最高分辨率: —, 平均帧率: 未知, 视频编解码器: 未知, 音频编解码器: 未知
分类: 纪录, 名称: 广西玉林大容山莲花山顶, 总数: 1, 有效率: 0.00%, 有效: 0, IPv4: 1, IPv6: 0, 最小延迟: — ms, 最高速率: 0.00 MiB/s, 平均速率: 0.00 MiB/s, 最高分辨率: —, 平均帧率: 未知, 视频编解码器: 未知, 音频编解码器: 未知
分类: 纪录, 名称: 八里沟风景区桃花湾瀑布, 总数: 1, 有效率: 0.00%, 有效: 0, IPv4: 1, IPv6: 0, 最小延迟: — ms, 最高速率: 0.00 MiB/s, 平均速率: 0.00 MiB/s, 最高分辨率: —, 平均帧率: 未知, 视频编解码器: 未知, 音频编解码器: 未知
分类: 纪录, 名称: 八里沟风景区天界山玻璃栈道, 总数: 1, 有效率: 0.00%, 有效: 0, IPv4: 1, IPv6: 0, 最小延迟: — ms, 最高速率: 0.00 MiB/s, 平均速率: 0.00 MiB/s, 最高分辨率: —, 平均帧率: 未知, 视频编解码器: 未知, 音频编解码器: 未知
分类: 纪录, 名称: 安徽池州九华山风景区九华山, 总数: 1, 有效率: 0.00%, 有效: 0, IPv4: 1, IPv6: 0, 最小延迟: — ms, 最高速率: 0.00 MiB/s, 平均速率: 0.00 MiB/s, 最高分辨率: —, 平均帧率: 未知, 视频编解码器: 未知, 音频编解码器: 未知
分类: 纪录, 名称: 安徽池州九华山风景区花台, 总数: 1, 有效率: 0.00%, 有效: 0, IPv4: 1, IPv6: 0, 最小延迟: — ms, 最高速率: 0.00 MiB/s, 平均速率: 0.00 MiB/s, 最高分辨率: —, 平均帧率: 未知, 视频编解码器: 未知, 音频编解码器: 未知
分类: 纪录, 名称: 江苏徐州云龙湖风景区云龙山观景台西, 总数: 1, 有效率: 0.00%, 有效: 0, IPv4: 1, IPv6: 0, 最小延迟: — ms, 最高速率: 0.00 MiB/s, 平均速率: 0.00 MiB/s, 最高分辨率: —, 平均帧率: 未知, 视频编解码器: 未知, 音频编解码器: 未知
分类: 纪录, 名称: 南京玄武湖公园, 总数: 1, 有效率: 0.00%, 有效: 0, IPv4: 1, IPv6: 0, 最小延迟: — ms, 最高速率: 0.00 MiB/s, 平均速率: 0.00 MiB/s, 最高分辨率: —, 平均帧率: 未知, 视频编解码器: 未知, 音频编解码器: 未知
分类: 纪录, 名称: 云南丽江玉龙雪山, 总数: 1, 有效率: 0.00%, 有效: 0, IPv4: 1, IPv6: 0, 最小延迟: — ms, 最高速率: 0.00 MiB/s, 平均速率: 0.00 MiB/s, 最高分辨率: —, 平均帧率: 未知, 视频编解码器: 未知, 音频编解码器: 未知
分类: 纪录, 名称: 云南丽江蓝月谷, 总数: 1, 有效率: 0.00%, 有效: 0, IPv4: 1, IPv6: 0, 最小延迟: — ms, 最高速率: 0.00 MiB/s, 平均速率: 0.00 MiB/s, 最高分辨率: —, 平均帧率: 未知, 视频编解码器: 未知, 音频编解码器: 未知
分类: 纪录, 名称: 云南丽江玉龙雪山草甸, 总数: 1, 有效率: 0.00%, 有效: 0, IPv4: 1, IPv6: 0, 最小延迟: — ms, 最高速率: 0.00 MiB/s, 平均速率: 0.00 MiB/s, 最高分辨率: —, 平均帧率: 未知, 视频编解码器: 未知, 音频编解码器: 未知
分类: 纪录, 名称: 云南丽江冰川, 总数: 1, 有效率: 0.00%, 有效: 0, IPv4: 1, IPv6: 0, 最小延迟: — ms, 最高速率: 0.00 MiB/s, 平均速率: 0.00 MiB/s, 最高分辨率: —, 平均帧率: 未知, 视频编解码器: 未知, 音频编解码器: 未知
分类: 纪录, 名称: 云南丽江印象实景, 总数: 1, 有效率: 0.00%, 有效: 0, IPv4: 1, IPv6: 0, 最小延迟: — ms, 最高速率: 0.00 MiB/s, 平均速率: 0.00 MiB/s, 最高分辨率: —, 平均帧率: 未知, 视频编解码器: 未知, 音频编解码器: 未知
分类: 纪录, 名称: 江苏南京牛首山, 总数: 1, 有效率: 0.00%, 有效: 0, IPv4: 1, IPv6: 0, 最小延迟: — ms, 最高速率: 0.00 MiB/s, 平均速率: 0.00 MiB/s, 最高分辨率: —, 平均帧率: 未知, 视频编解码器: 未知, 音频编解码器: 未知
分类: 纪录, 名称: 福建漳州醉美沙滩翡翠湾, 总数: 1, 有效率: 0.00%, 有效: 0, IPv4: 1, IPv6: 0, 最小延迟: — ms, 最高速率: 0.00 MiB/s, 平均速率: 0.00 MiB/s, 最高分辨率: —, 平均帧率: 未知, 视频编解码器: 未知, 音频编解码器: 未知
分类: 纪录, 名称: 普陀山, 总数: 1, 有效率: 0.00%, 有效: 0, IPv4: 1, IPv6: 0, 最小延迟: — ms, 最高速率: 0.00 MiB/s, 平均速率: 0.00 MiB/s, 最高分辨率: —, 平均帧率: 未知, 视频编解码器: 未知, 音频编解码器: 未知
分类: 纪录, 名称: 浙江舟山东极岛, 总数: 1, 有效率: 0.00%, 有效: 0, IPv4: 1, IPv6: 0, 最小延迟: — ms, 最高速率: 0.00 MiB/s, 平均速率: 0.00 MiB/s, 最高分辨率: —, 平均帧率: 未知, 视频编解码器: 未知, 音频编解码器: 未知
分类: 纪录, 名称: 四川四姑娘山隆珠措, 总数: 1, 有效率: 0.00%, 有效: 0, IPv4: 1, IPv6: 0, 最小延迟: — ms, 最高速率: 0.00 MiB/s, 平均速率: 0.00 MiB/s, 最高分辨率: —, 平均帧率: 未知, 视频编解码器: 未知, 音频编解码器: 未知
分类: 纪录, 名称: 丽江古城大研花巷观景, 总数: 1, 有效率: 0.00%, 有效: 0, IPv4: 1, IPv6: 0, 最小延迟: — ms, 最高速率: 0.00 MiB/s, 平均速率: 0.00 MiB/s, 最高分辨率: —, 平均帧率: 未知, 视频编解码器: 未知, 音频编解码器: 未知
分类: 纪录, 名称: 丽江古城大水车, 总数: 1, 有效率: 0.00%, 有效: 0, IPv4: 1, IPv6: 0, 最小延迟: — ms, 最高速率: 0.00 MiB/s, 平均速率: 0.00 MiB/s, 最高分辨率: —, 平均帧率: 未知, 视频编解码器: 未知, 音频编解码器: 未知
分类: 纪录, 名称: 丽江古城万古楼遥望玉龙雪山, 总数: 1, 有效率: 0.00%, 有效: 0, IPv4: 1, IPv6: 0, 最小延迟: — ms, 最高速率: 0.00 MiB/s, 平均速率: 0.00 MiB/s, 最高分辨率: —, 平均帧率: 未知, 视频编解码器: 未知, 音频编解码器: 未知
分类: 纪录, 名称: 狮子山鸟瞰丽江古城, 总数: 1, 有效率: 0.00%, 有效: 0, IPv4: 1, IPv6: 0, 最小延迟: — ms, 最高速率: 0.00 MiB/s, 平均速率: 0.00 MiB/s, 最高分辨率: —, 平均帧率: 未知, 视频编解码器: 未知, 音频编解码器: 未知
分类: 纪录, 名称: 雪乡梦幻家园, 总数: 1, 有效率: 0.00%, 有效: 0, IPv4: 1, IPv6: 0, 最小延迟: — ms, 最高速率: 0.00 MiB/s, 平均速率: 0.00 MiB/s, 最高分辨率: —, 平均帧率: 未知, 视频编解码器: 未知, 音频编解码器: 未知
分类: 纪录, 名称: 雪乡大石碑, 总数: 1, 有效率: 0.00%, 有效: 0, IPv4: 1, IPv6: 0, 最小延迟: — ms, 最高速率: 0.00 MiB/s, 平均速率: 0.00 MiB/s, 最高分辨率: —, 平均帧率: 未知, 视频编解码器: 未知, 音频编解码器: 未知
分类: 纪录, 名称: 乌镇蓝印花布, 总数: 1, 有效率: 0.00%, 有效: 0, IPv4: 1, IPv6: 0, 最小延迟: — ms, 最高速率: 0.00 MiB/s, 平均速率: 0.00 MiB/s, 最高分辨率: —, 平均帧率: 未知, 视频编解码器: 未知, 音频编解码器: 未知
分类: 纪录, 名称: 乌镇西市河, 总数: 1, 有效率: 0.00%, 有效: 0, IPv4: 1, IPv6: 0, 最小延迟: — ms, 最高速率: 0.00 MiB/s, 平均速率: 0.00 MiB/s, 最高分辨率: —, 平均帧率: 未知, 视频编解码器: 未知, 音频编解码器: 未知
分类: 纪录, 名称: 乌镇龙形田, 总数: 1, 有效率: 0.00%, 有效: 0, IPv4: 1, IPv6: 0, 最小延迟: — ms, 最高速率: 0.00 MiB/s, 平均速率: 0.00 MiB/s, 最高分辨率: —, 平均帧率: 未知, 视频编解码器: 未知, 音频编解码器: 未知
分类: 纪录, 名称: 乌镇全景, 总数: 1, 有效率: 0.00%, 有效: 0, IPv4: 1, IPv6: 0, 最小延迟: — ms, 最高速率: 0.00 MiB/s, 平均速率: 0.00 MiB/s, 最高分辨率: —, 平均帧率: 未知, 视频编解码器: 未知, 音频编解码器: 未知
分类: 纪录, 名称: 凤凰古城南华山, 总数: 1, 有效率: 0.00%, 有效: 0, IPv4: 1, IPv6: 0, 最小延迟: — ms, 最高速率: 0.00 MiB/s, 平均速率: 0.00 MiB/s, 最高分辨率: —, 平均帧率: 未知, 视频编解码器: 未知, 音频编解码器: 未知
分类: 纪录, 名称: 凤凰古城东关门, 总数: 1, 有效率: 0.00%, 有效: 0, IPv4: 1, IPv6: 0, 最小延迟: — ms, 最高速率: 0.00 MiB/s, 平均速率: 0.00 MiB/s, 最高分辨率: —, 平均帧率: 未知, 视频编解码器: 未知, 音频编解码器: 未知
分类: 纪录, 名称: 黄花城水长城01, 总数: 1, 有效率: 0.00%, 有效: 0, IPv4: 1, IPv6: 0, 最小延迟: — ms, 最高速率: 0.00 MiB/s, 平均速率: 0.00 MiB/s, 最高分辨率: —, 平均帧率: 未知, 视频编解码器: 未知, 音频编解码器: 未知
分类: 纪录, 名称: 黄花城水长城02, 总数: 1, 有效率: 0.00%, 有效: 0, IPv4: 1, IPv6: 0, 最小延迟: — ms, 最高速率: 0.00 MiB/s, 平均速率: 0.00 MiB/s, 最高分辨率: —, 平均帧率: 未知, 视频编解码器: 未知, 音频编解码器: 未知
分类: 纪录, 名称: 黄花城水长城03, 总数: 1, 有效率: 0.00%, 有效: 0, IPv4: 1, IPv6: 0, 最小延迟: — ms, 最高速率: 0.00 MiB/s, 平均速率: 0.00 MiB/s, 最高分辨率: —, 平均帧率: 未知, 视频编解码器: 未知, 音频编解码器: 未知
分类: 纪录, 名称: 鸣沙山, 总数: 1, 有效率: 0.00%, 有效: 0, IPv4: 1, IPv6: 0, 最小延迟: — ms, 最高速率: 0.00 MiB/s, 平均速率: 0.00 MiB/s, 最高分辨率: —, 平均帧率: 未知, 视频编解码器: 未知, 音频编解码器: 未知
分类: 纪录, 名称: 月牙泉, 总数: 1, 有效率: 0.00%, 有效: 0, IPv4: 1, IPv6: 0, 最小延迟: — ms, 最高速率: 0.00 MiB/s, 平均速率: 0.00 MiB/s, 最高分辨率: —, 平均帧率: 未知, 视频编解码器: 未知, 音频编解码器: 未知
分类: 纪录, 名称: 五彩池, 总数: 1, 有效率: 0.00%, 有效: 0, IPv4: 1, IPv6: 0, 最小延迟: — ms, 最高速率: 0.00 MiB/s, 平均速率: 0.00 MiB/s, 最高分辨率: —, 平均帧率: 未知, 视频编解码器: 未知, 音频编解码器: 未知
分类: 纪录, 名称: 黄龙, 总数: 1, 有效率: 0.00%, 有效: 0, IPv4: 1, IPv6: 0, 最小延迟: — ms, 最高速率: 0.00 MiB/s, 平均速率: 0.00 MiB/s, 最高分辨率: —, 平均帧率: 未知, 视频编解码器: 未知, 音频编解码器: 未知
分类: 纪录, 名称: 望乡台, 总数: 1, 有效率: 0.00%, 有效: 0, IPv4: 1, IPv6: 0, 最小延迟: — ms, 最高速率: 0.00 MiB/s, 平均速率: 0.00 MiB/s, 最高分辨率: —, 平均帧率: 未知, 视频编解码器: 未知, 音频编解码器: 未知
分类: 纪录, 名称: 泰山主峰, 总数: 1, 有效率: 0.00%, 有效: 0, IPv4: 1, IPv6: 0, 最小延迟: — ms, 最高速率: 0.00 MiB/s, 平均速率: 0.00 MiB/s, 最高分辨率: —, 平均帧率: 未知, 视频编解码器: 未知, 音频编解码器: 未知
分类: 纪录, 名称: 泰山大观峰, 总数: 1, 有效率: 0.00%, 有效: 0, IPv4: 1, IPv6: 0, 最小延迟: — ms, 最高速率: 0.00 MiB/s, 平均速率: 0.00 MiB/s, 最高分辨率: —, 平均帧率: 未知, 视频编解码器: 未知, 音频编解码器: 未知
分类: 纪录, 名称: 泰山玉皇顶, 总数: 1, 有效率: 0.00%, 有效: 0, IPv4: 1, IPv6: 0, 最小延迟: — ms, 最高速率: 0.00 MiB/s, 平均速率: 0.00 MiB/s, 最高分辨率: —, 平均帧率: 未知, 视频编解码器: 未知, 音频编解码器: 未知
分类: 纪录, 名称: 泰山十八盘, 总数: 1, 有效率: 0.00%, 有效: 0, IPv4: 1, IPv6: 0, 最小延迟: — ms, 最高速率: 0.00 MiB/s, 平均速率: 0.00 MiB/s, 最高分辨率: —, 平均帧率: 未知, 视频编解码器: 未知, 音频编解码器: 未知
分类: 纪录, 名称: 泰山望人松, 总数: 1, 有效率: 0.00%, 有效: 0, IPv4: 1, IPv6: 0, 最小延迟: — ms, 最高速率: 0.00 MiB/s, 平均速率: 0.00 MiB/s, 最高分辨率: —, 平均帧率: 未知, 视频编解码器: 未知, 音频编解码器: 未知
分类: 纪录, 名称: 泰山南天门, 总数: 1, 有效率: 0.00%, 有效: 0, IPv4: 1, IPv6: 0, 最小延迟: — ms, 最高速率: 0.00 MiB/s, 平均速率: 0.00 MiB/s, 最高分辨率: —, 平均帧率: 未知, 视频编解码器: 未知, 音频编解码器: 未知
分类: 纪录, 名称: 泰山白云亭悬崖, 总数: 1, 有效率: 0.00%, 有效: 0, IPv4: 1, IPv6: 0, 最小延迟: — ms, 最高速率: 0.00 MiB/s, 平均速率: 0.00 MiB/s, 最高分辨率: —, 平均帧率: 未知, 视频编解码器: 未知, 音频编解码器: 未知
分类: 纪录, 名称: 泰山太平岭, 总数: 1, 有效率: 0.00%, 有效: 0, IPv4: 1, IPv6: 0, 最小延迟: — ms, 最高速率: 0.00 MiB/s, 平均速率: 0.00 MiB/s, 最高分辨率: —, 平均帧率: 未知, 视频编解码器: 未知, 音频编解码器: 未知
分类: 纪录, 名称: 泰山碧霞祠, 总数: 1, 有效率: 0.00%, 有效: 0, IPv4: 1, IPv6: 0, 最小延迟: — ms, 最高速率: 0.00 MiB/s, 平均速率: 0.00 MiB/s, 最高分辨率: —, 平均帧率: 未知, 视频编解码器: 未知, 音频编解码器: 未知
分类: 纪录, 名称: 黄山卧云峰, 总数: 1, 有效率: 0.00%, 有效: 0, IPv4: 1, IPv6: 0, 最小延迟: — ms, 最高速率: 0.00 MiB/s, 平均速率: 0.00 MiB/s, 最高分辨率: —, 平均帧率: 未知, 视频编解码器: 未知, 音频编解码器: 未知
分类: 纪录, 名称: 黄山始信新道, 总数: 1, 有效率: 0.00%, 有效: 0, IPv4: 1, IPv6: 0, 最小延迟: — ms, 最高速率: 0.00 MiB/s, 平均速率: 0.00 MiB/s, 最高分辨率: —, 平均帧率: 未知, 视频编解码器: 未知, 音频编解码器: 未知
分类: 纪录, 名称: 黄山排云亭, 总数: 2, 有效率: 0.00%, 有效: 0, IPv4: 2, IPv6: 0, 最小延迟: — ms, 最高速率: 0.00 MiB/s, 平均速率: 0.00 MiB/s, 最高分辨率: —, 平均帧率: 未知, 视频编解码器: 未知, 音频编解码器: 未知
分类: 纪录, 名称: 黄山飞来石, 总数: 1, 有效率: 0.00%, 有效: 0, IPv4: 1, IPv6: 0, 最小延迟: — ms, 最高速率: 0.00 MiB/s, 平均速率: 0.00 MiB/s, 最高分辨率: —, 平均帧率: 未知, 视频编解码器: 未知, 音频编解码器: 未知
分类: 纪录, 名称: 黄山, 总数: 1, 有效率: 0.00%, 有效: 0, IPv4: 1, IPv6: 0, 最小延迟: — ms, 最高速率: 0.00 MiB/s, 平均速率: 0.00 MiB/s, 最高分辨率: —, 平均帧率: 未知, 视频编解码器: 未知, 音频编解码器: 未知
分类: 纪录, 名称: 陕西洋县国宝朱鹮02, 总数: 1, 有效率: 0.00%, 有效: 0, IPv4: 1, IPv6: 0, 最小延迟: — ms, 最高速率: 0.00 MiB/s, 平均速率: 0.00 MiB/s, 最高分辨率: —, 平均帧率: 未知, 视频编解码器: 未知, 音频编解码器: 未知
分类: 纪录, 名称: 陕西洋县国宝朱鹮03, 总数: 1, 有效率: 0.00%, 有效: 0, IPv4: 1, IPv6: 0, 最小延迟: — ms, 最高速率: 0.00 MiB/s, 平均速率: 0.00 MiB/s, 最高分辨率: —, 平均帧率: 未知, 视频编解码器: 未知, 音频编解码器: 未知
分类: 纪录, 名称: 安徽黟县芦村远眺, 总数: 1, 有效率: 0.00%, 有效: 0, IPv4: 1, IPv6: 0, 最小延迟: — ms, 最高速率: 0.00 MiB/s, 平均速率: 0.00 MiB/s, 最高分辨率: —, 平均帧率: 未知, 视频编解码器: 未知, 音频编解码器: 未知
分类: 纪录, 名称: 中央电视塔东, 总数: 1, 有效率: 0.00%, 有效: 0, IPv4: 1, IPv6: 0, 最小延迟: — ms, 最高速率: 0.00 MiB/s, 平均速率: 0.00 MiB/s, 最高分辨率: —, 平均帧率: 未知, 视频编解码器: 未知, 音频编解码器: 未知
分类: 纪录, 名称: 中央电视塔南, 总数: 1, 有效率: 0.00%, 有效: 0, IPv4: 1, IPv6: 0, 最小延迟: — ms, 最高速率: 0.00 MiB/s, 平均速率: 0.00 MiB/s, 最高分辨率: —, 平均帧率: 未知, 视频编解码器: 未知, 音频编解码器: 未知
分类: 纪录, 名称: 恒山悬空寺全景, 总数: 1, 有效率: 0.00%, 有效: 0, IPv4: 1, IPv6: 0, 最小延迟: — ms, 最高速率: 0.00 MiB/s, 平均速率: 0.00 MiB/s, 最高分辨率: —, 平均帧率: 未知, 视频编解码器: 未知, 音频编解码器: 未知
分类: 纪录, 名称: 黄果树六角亭瀑布, 总数: 1, 有效率: 0.00%, 有效: 0, IPv4: 1, IPv6: 0, 最小延迟: — ms, 最高速率: 0.00 MiB/s, 平均速率: 0.00 MiB/s, 最高分辨率: —, 平均帧率: 未知, 视频编解码器: 未知, 音频编解码器: 未知
分类: 纪录, 名称: 天涯石, 总数: 1, 有效率: 0.00%, 有效: 0, IPv4: 1, IPv6: 0, 最小延迟: — ms, 最高速率: 0.00 MiB/s, 平均速率: 0.00 MiB/s, 最高分辨率: —, 平均帧率: 未知, 视频编解码器: 未知, 音频编解码器: 未知
分类: 纪录, 名称: 六盘山红军长征景区, 总数: 1, 有效率: 0.00%, 有效: 0, IPv4: 1, IPv6: 0, 最小延迟: — ms, 最高速率: 0.00 MiB/s, 平均速率: 0.00 MiB/s, 最高分辨率: —, 平均帧率: 未知, 视频编解码器: 未知, 音频编解码器: 未知
分类: 纪录, 名称: 贵州省兴义市万峰林, 总数: 1, 有效率: 0.00%, 有效: 0, IPv4: 1, IPv6: 0, 最小延迟: — ms, 最高速率: 0.00 MiB/s, 平均速率: 0.00 MiB/s, 最高分辨率: —, 平均帧率: 未知, 视频编解码器: 未知, 音频编解码器: 未知
分类: 纪录, 名称: 云南大理崇圣寺三塔中景, 总数: 1, 有效率: 0.00%, 有效: 0, IPv4: 1, IPv6: 0, 最小延迟: — ms, 最高速率: 0.00 MiB/s, 平均速率: 0.00 MiB/s, 最高分辨率: —, 平均帧率: 未知, 视频编解码器: 未知, 音频编解码器: 未知
分类: 纪录, 名称: 云南大理崇圣寺三塔远景, 总数: 1, 有效率: 0.00%, 有效: 0, IPv4: 1, IPv6: 0, 最小延迟: — ms, 最高速率: 0.00 MiB/s, 平均速率: 0.00 MiB/s, 最高分辨率: —, 平均帧率: 未知, 视频编解码器: 未知, 音频编解码器: 未知
分类: 纪录, 名称: 广西桂林漓江景区, 总数: 1, 有效率: 0.00%, 有效: 0, IPv4: 1, IPv6: 0, 最小延迟: — ms, 最高速率: 0.00 MiB/s, 平均速率: 0.00 MiB/s, 最高分辨率: —, 平均帧率: 未知, 视频编解码器: 未知, 音频编解码器: 未知
分类: 纪录, 名称: 青岛崂山双福, 总数: 1, 有效率: 0.00%, 有效: 0, IPv4: 1, IPv6: 0, 最小延迟: — ms, 最高速率: 0.00 MiB/s, 平均速率: 0.00 MiB/s, 最高分辨率: —, 平均帧率: 未知, 视频编解码器: 未知, 音频编解码器: 未知
分类: 纪录, 名称: 青岛崂山八水河, 总数: 1, 有效率: 0.00%, 有效: 0, IPv4: 1, IPv6: 0, 最小延迟: — ms, 最高速率: 0.00 MiB/s, 平均速率: 0.00 MiB/s, 最高分辨率: —, 平均帧率: 未知, 视频编解码器: 未知, 音频编解码器: 未知
分类: 纪录, 名称: 张掖七彩丹霞, 总数: 1, 有效率: 0.00%, 有效: 0, IPv4: 1, IPv6: 0, 最小延迟: — ms, 最高速率: 0.00 MiB/s, 平均速率: 0.00 MiB/s, 最高分辨率: —, 平均帧率: 未知, 视频编解码器: 未知, 音频编解码器: 未知
分类: 纪录, 名称: 都江堰鱼嘴, 总数: 1, 有效率: 0.00%, 有效: 0, IPv4: 1, IPv6: 0, 最小延迟: — ms, 最高速率: 0.00 MiB/s, 平均速率: 0.00 MiB/s, 最高分辨率: —, 平均帧率: 未知, 视频编解码器: 未知, 音频编解码器: 未知
分类: 纪录, 名称: 乐山大佛全景, 总数: 1, 有效率: 0.00%, 有效: 0, IPv4: 1, IPv6: 0, 最小延迟: — ms, 最高速率: 0.00 MiB/s, 平均速率: 0.00 MiB/s, 最高分辨率: —, 平均帧率: 未知, 视频编解码器: 未知, 音频编解码器: 未知
分类: 纪录, 名称: 福建武夷山玉女峰, 总数: 1, 有效率: 0.00%, 有效: 0, IPv4: 1, IPv6: 0, 最小延迟: — ms, 最高速率: 0.00 MiB/s, 平均速率: 0.00 MiB/s, 最高分辨率: —, 平均帧率: 未知, 视频编解码器: 未知, 音频编解码器: 未知
分类: 港澳台, 名称: 翡翠台, 总数: 39, 有效率: 0.00%, 有效: 0, IPv4: 39, IPv6: 0, 最小延迟: 81 ms, 最高速率: 1.69 MiB/s, 平均速率: 0.00 MiB/s, 最高分辨率: 1920x1080, 平均帧率: 27.5, 视频编解码器: h264, 音频编解码器: aac
分类: 港澳台, 名称: 翡翠剧集台, 总数: 3, 有效率: 0.00%, 有效: 0, IPv4: 3, IPv6: 0, 最小延迟: — ms, 最高速率: 0.00 MiB/s, 平均速率: 0.00 MiB/s, 最高分辨率: —, 平均帧率: 未知, 视频编解码器: 未知, 音频编解码器: 未知
分类: 港澳台, 名称: 明珠台, 总数: 15, 有效率: 0.00%, 有效: 0, IPv4: 15, IPv6: 0, 最小延迟: 280 ms, 最高速率: 0.90 MiB/s, 平均速率: 0.00 MiB/s, 最高分辨率: 840x480, 平均帧率: 30.0, 视频编解码器: h264, 音频编解码器: aac
分类: 港澳台, 名称: TVB翡翠(馬來), 总数: 2, 有效率: 0.00%, 有效: 0, IPv4: 2, IPv6: 0, 最小延迟: — ms, 最高速率: 0.00 MiB/s, 平均速率: 0.00 MiB/s, 最高分辨率: —, 平均帧率: 未知, 视频编解码器: 未知, 音频编解码器: 未知
分类: 港澳台, 名称: TVB Plus, 总数: 13, 有效率: 0.00%, 有效: 0, IPv4: 13, IPv6: 0, 最小延迟: 383 ms, 最高速率: 0.00 MiB/s, 平均速率: 0.00 MiB/s, 最高分辨率: —, 平均帧率: 未知, 视频编解码器: 未知, 音频编解码器: 未知
分类: 港澳台, 名称: TVB1, 总数: 5, 有效率: 0.00%, 有效: 0, IPv4: 5, IPv6: 0, 最小延迟: 375 ms, 最高速率: 0.16 MiB/s, 平均速率: 0.00 MiB/s, 最高分辨率: —, 平均帧率: 未知, 视频编解码器: 未知, 音频编解码器: 未知
分类: 港澳台, 名称: TVB娱乐新闻台, 总数: 2, 有效率: 0.00%, 有效: 0, IPv4: 2, IPv6: 0, 最小延迟: — ms, 最高速率: 0.00 MiB/s, 平均速率: 0.00 MiB/s, 最高分辨率: —, 平均帧率: 未知, 视频编解码器: 未知, 音频编解码器: 未知
分类: 港澳台, 名称: 黄金华剧台(WebVTT字幕), 总数: 3, 有效率: 0.00%, 有效: 0, IPv4: 3, IPv6: 0, 最小延迟: 310 ms, 最高速率: 0.00 MiB/s, 平均速率: 0.00 MiB/s, 最高分辨率: —, 平均帧率: 未知, 视频编解码器: 未知, 音频编解码器: 未知
分类: 港澳台, 名称: 千禧经典台, 总数: 2, 有效率: 0.00%, 有效: 0, IPv4: 2, IPv6: 0, 最小延迟: — ms, 最高速率: 0.00 MiB/s, 平均速率: 0.00 MiB/s, 最高分辨率: —, 平均帧率: 未知, 视频编解码器: 未知, 音频编解码器: 未知
分类: 港澳台, 名称: TVB翡翠劇集, 总数: 2, 有效率: 0.00%, 有效: 0, IPv4: 2, IPv6: 0, 最小延迟: 175 ms, 最高速率: 0.00 MiB/s, 平均速率: 0.00 MiB/s, 最高分辨率: —, 平均帧率: 未知, 视频编解码器: 未知, 音频编解码器: 未知
分类: 港澳台, 名称: TVBJ1, 总数: 3, 有效率: 33.33%, 有效: 1, IPv4: 3, IPv6: 0, 最小延迟: 492 ms, 最高速率: 0.31 MiB/s, 平均速率: 0.31 MiB/s, 最高分辨率: 1280x720, 平均帧率: 29.97, 视频编解码器: h264, 音频编解码器: aac
分类: 港澳台, 名称: 千禧經典, 总数: 2, 有效率: 0.00%, 有效: 0, IPv4: 2, IPv6: 0, 最小延迟: — ms, 最高速率: 0.00 MiB/s, 平均速率: 0.00 MiB/s, 最高分辨率: —, 平均帧率: 未知, 视频编解码器: 未知, 音频编解码器: 未知
分类: 港澳台, 名称: HOY TV, 总数: 2, 有效率: 0.00%, 有效: 0, IPv4: 2, IPv6: 0, 最小延迟: — ms, 最高速率: 0.00 MiB/s, 平均速率: 0.00 MiB/s, 最高分辨率: —, 平均帧率: 未知, 视频编解码器: 未知, 音频编解码器: 未知
分类: 港澳台, 名称: 娱乐新闻, 总数: 7, 有效率: 0.00%, 有效: 0, IPv4: 7, IPv6: 0, 最小延迟: 193 ms, 最高速率: 0.00 MiB/s, 平均速率: 0.00 MiB/s, 最高分辨率: —, 平均帧率: 未知, 视频编解码器: 未知, 音频编解码器: 未知
分类: 港澳台, 名称: HOY77, 总数: 4, 有效率: 0.00%, 有效: 0, IPv4: 4, IPv6: 0, 最小延迟: — ms, 最高速率: 0.00 MiB/s, 平均速率: 0.00 MiB/s, 最高分辨率: —, 平均帧率: 未知, 视频编解码器: 未知, 音频编解码器: 未知
分类: 港澳台, 名称: ViuTV, 总数: 5, 有效率: 0.00%, 有效: 0, IPv4: 5, IPv6: 0, 最小延迟: — ms, 最高速率: 0.00 MiB/s, 平均速率: 0.00 MiB/s, 最高分辨率: —, 平均帧率: 未知, 视频编解码器: 未知, 音频编解码器: 未知
分类: 港澳台, 名称: ViuTVsix, 总数: 1, 有效率: 0.00%, 有效: 0, IPv4: 1, IPv6: 0, 最小延迟: — ms, 最高速率: 0.00 MiB/s, 平均速率: 0.00 MiB/s, 最高分辨率: —, 平均帧率: 未知, 视频编解码器: 未知, 音频编解码器: 未知
分类: 港澳台, 名称: RTHK31, 总数: 1, 有效率: 0.00%, 有效: 0, IPv4: 1, IPv6: 0, 最小延迟: — ms, 最高速率: 0.00 MiB/s, 平均速率: 0.00 MiB/s, 最高分辨率: —, 平均帧率: 未知, 视频编解码器: 未知, 音频编解码器: 未知
分类: 港澳台, 名称: RTHK32, 总数: 3, 有效率: 0.00%, 有效: 0, IPv4: 3, IPv6: 0, 最小延迟: — ms, 最高速率: 0.00 MiB/s, 平均速率: 0.00 MiB/s, 最高分辨率: —, 平均帧率: 未知, 视频编解码器: 未知, 音频编解码器: 未知
分类: 港澳台, 名称: TVB黃金華劇, 总数: 1, 有效率: 0.00%, 有效: 0, IPv4: 1, IPv6: 0, 最小延迟: — ms, 最高速率: 0.00 MiB/s, 平均速率: 0.00 MiB/s, 最高分辨率: —, 平均帧率: 未知, 视频编解码器: 未知, 音频编解码器: 未知
分类: 港澳台, 名称: 香港32台, 总数: 1, 有效率: 0.00%, 有效: 0, IPv4: 1, IPv6: 0, 最小延迟: — ms, 最高速率: 0.00 MiB/s, 平均速率: 0.00 MiB/s, 最高分辨率: —, 平均帧率: 未知, 视频编解码器: 未知, 音频编解码器: 未知
分类: 港澳台, 名称: 香港33台, 总数: 1, 有效率: 0.00%, 有效: 0, IPv4: 1, IPv6: 0, 最小延迟: — ms, 最高速率: 0.00 MiB/s, 平均速率: 0.00 MiB/s, 最高分辨率: —, 平均帧率: 未知, 视频编解码器: 未知, 音频编解码器: 未知
分类: 港澳台, 名称: 東森戏剧, 总数: 3, 有效率: 0.00%, 有效: 0, IPv4: 3, IPv6: 0, 最小延迟: — ms, 最高速率: 0.00 MiB/s, 平均速率: 0.00 MiB/s, 最高分辨率: —, 平均帧率: 未知, 视频编解码器: 未知, 音频编解码器: 未知
分类: 港澳台, 名称: 香港34台, 总数: 1, 有效率: 0.00%, 有效: 0, IPv4: 1, IPv6: 0, 最小延迟: — ms, 最高速率: 0.00 MiB/s, 平均速率: 0.00 MiB/s, 最高分辨率: —, 平均帧率: 未知, 视频编解码器: 未知, 音频编解码器: 未知
分类: 港澳台, 名称: 東森洋片, 总数: 9, 有效率: 0.00%, 有效: 0, IPv4: 9, IPv6: 0, 最小延迟: — ms, 最高速率: 0.00 MiB/s, 平均速率: 0.00 MiB/s, 最高分辨率: —, 平均帧率: 未知, 视频编解码器: 未知, 音频编解码器: 未知
分类: 港澳台, 名称: 香港35台, 总数: 1, 有效率: 0.00%, 有效: 0, IPv4: 1, IPv6: 0, 最小延迟: — ms, 最高速率: 0.00 MiB/s, 平均速率: 0.00 MiB/s, 最高分辨率: —, 平均帧率: 未知, 视频编解码器: 未知, 音频编解码器: 未知
分类: 港澳台, 名称: 东森超视, 总数: 12, 有效率: 0.00%, 有效: 0, IPv4: 12, IPv6: 0, 最小延迟: 5060 ms, 最高速率: 0.00 MiB/s, 平均速率: 0.00 MiB/s, 最高分辨率: —, 平均帧率: 未知, 视频编解码器: 未知, 音频编解码器: 未知
分类: 港澳台, 名称: 纬来戏剧, 总数: 6, 有效率: 0.00%, 有效: 0, IPv4: 6, IPv6: 0, 最小延迟: — ms, 最高速率: 0.00 MiB/s, 平均速率: 0.00 MiB/s, 最高分辨率: —, 平均帧率: 未知, 视频编解码器: 未知, 音频编解码器: 未知
分类: 港澳台, 名称: 纬来育乐, 总数: 5, 有效率: 0.00%, 有效: 0, IPv4: 5, IPv6: 0, 最小延迟: — ms, 最高速率: 0.00 MiB/s, 平均速率: 0.00 MiB/s, 最高分辨率: —, 平均帧率: 未知, 视频编解码器: 未知, 音频编解码器: 未知
分类: 港澳台, 名称: 纬来日本, 总数: 4, 有效率: 0.00%, 有效: 0, IPv4: 4, IPv6: 0, 最小延迟: — ms, 最高速率: 0.00 MiB/s, 平均速率: 0.00 MiB/s, 最高分辨率: —, 平均帧率: 未知, 视频编解码器: 未知, 音频编解码器: 未知
分类: 港澳台, 名称: 龙华经典, 总数: 10, 有效率: 0.00%, 有效: 0, IPv4: 10, IPv6: 0, 最小延迟: — ms, 最高速率: 0.00 MiB/s, 平均速率: 0.00 MiB/s, 最高分辨率: —, 平均帧率: 未知, 视频编解码器: 未知, 音频编解码器: 未知
分类: 港澳台, 名称: 龙华偶像, 总数: 7, 有效率: 0.00%, 有效: 0, IPv4: 7, IPv6: 0, 最小延迟: — ms, 最高速率: 0.00 MiB/s, 平均速率: 0.00 MiB/s, 最高分辨率: —, 平均帧率: 未知, 视频编解码器: 未知, 音频编解码器: 未知
分类: 港澳台, 名称: 龙华日韩, 总数: 4, 有效率: 0.00%, 有效: 0, IPv4: 4, IPv6: 0, 最小延迟: — ms, 最高速率: 0.00 MiB/s, 平均速率: 0.00 MiB/s, 最高分辨率: —, 平均帧率: 未知, 视频编解码器: 未知, 音频编解码器: 未知
分类: 港澳台, 名称: 龙华戏剧, 总数: 6, 有效率: 0.00%, 有效: 0, IPv4: 6, IPv6: 0, 最小延迟: — ms, 最高速率: 0.00 MiB/s, 平均速率: 0.00 MiB/s, 最高分辨率: —, 平均帧率: 未知, 视频编解码器: 未知, 音频编解码器: 未知
分类: 港澳台, 名称: 靖天戲劇, 总数: 8, 有效率: 0.00%, 有效: 0, IPv4: 8, IPv6: 0, 最小延迟: — ms, 最高速率: 0.00 MiB/s, 平均速率: 0.00 MiB/s, 最高分辨率: —, 平均帧率: 未知, 视频编解码器: 未知, 音频编解码器: 未知
分类: 港澳台, 名称: 靖天資訊, 总数: 4, 有效率: 0.00%, 有效: 0, IPv4: 4, IPv6: 0, 最小延迟: — ms, 最高速率: 0.00 MiB/s, 平均速率: 0.00 MiB/s, 最高分辨率: —, 平均帧率: 未知, 视频编解码器: 未知, 音频编解码器: 未知
分类: 港澳台, 名称: 靖天綜合, 总数: 4, 有效率: 0.00%, 有效: 0, IPv4: 4, IPv6: 0, 最小延迟: — ms, 最高速率: 0.00 MiB/s, 平均速率: 0.00 MiB/s, 最高分辨率: —, 平均帧率: 未知, 视频编解码器: 未知, 音频编解码器: 未知
分类: 港澳台, 名称: 靖天日本, 总数: 7, 有效率: 0.00%, 有效: 0, IPv4: 7, IPv6: 0, 最小延迟: — ms, 最高速率: 0.00 MiB/s, 平均速率: 0.00 MiB/s, 最高分辨率: —, 平均帧率: 未知, 视频编解码器: 未知, 音频编解码器: 未知
分类: 港澳台, 名称: 香港C+, 总数: 2, 有效率: 50.00%, 有效: 1, IPv4: 2, IPv6: 0, 最小延迟: 203 ms, 最高速率: 1.26 MiB/s, 平均速率: 1.26 MiB/s, 最高分辨率: 1920x1080, 平均帧率: 未知, 视频编解码器: 未知, 音频编解码器: 未知
分类: 港澳台, 名称: 靖天育樂, 总数: 5, 有效率: 0.00%, 有效: 0, IPv4: 5, IPv6: 0, 最小延迟: — ms, 最高速率: 0.00 MiB/s, 平均速率: 0.00 MiB/s, 最高分辨率: —, 平均帧率: 未知, 视频编解码器: 未知, 音频编解码器: 未知
分类: 港澳台, 名称: 靖天國際, 总数: 6, 有效率: 0.00%, 有效: 0, IPv4: 6, IPv6: 0, 最小延迟: — ms, 最高速率: 0.00 MiB/s, 平均速率: 0.00 MiB/s, 最高分辨率: —, 平均帧率: 未知, 视频编解码器: 未知, 音频编解码器: 未知
分类: 港澳台, 名称: 靖天歡樂, 总数: 6, 有效率: 0.00%, 有效: 0, IPv4: 6, IPv6: 0, 最小延迟: — ms, 最高速率: 0.00 MiB/s, 平均速率: 0.00 MiB/s, 最高分辨率: —, 平均帧率: 未知, 视频编解码器: 未知, 音频编解码器: 未知
分类: 港澳台, 名称: TVBS精采, 总数: 4, 有效率: 0.00%, 有效: 0, IPv4: 4, IPv6: 0, 最小延迟: — ms, 最高速率: 0.00 MiB/s, 平均速率: 0.00 MiB/s, 最高分辨率: —, 平均帧率: 未知, 视频编解码器: 未知, 音频编解码器: 未知
分类: 港澳台, 名称: TVBS歡樂, 总数: 6, 有效率: 0.00%, 有效: 0, IPv4: 6, IPv6: 0, 最小延迟: — ms, 最高速率: 0.00 MiB/s, 平均速率: 0.00 MiB/s, 最高分辨率: —, 平均帧率: 未知, 视频编解码器: 未知, 音频编解码器: 未知
分类: 港澳台, 名称: 三立綜合, 总数: 4, 有效率: 0.00%, 有效: 0, IPv4: 4, IPv6: 0, 最小延迟: — ms, 最高速率: 0.00 MiB/s, 平均速率: 0.00 MiB/s, 最高分辨率: —, 平均帧率: 未知, 视频编解码器: 未知, 音频编解码器: 未知
分类: 港澳台, 名称: TVBS綜藝, 总数: 1, 有效率: 0.00%, 有效: 0, IPv4: 1, IPv6: 0, 最小延迟: — ms, 最高速率: 0.00 MiB/s, 平均速率: 0.00 MiB/s, 最高分辨率: —, 平均帧率: 未知, 视频编解码器: 未知, 音频编解码器: 未知
分类: 港澳台, 名称: 中視新聞, 总数: 12, 有效率: 0.00%, 有效: 0, IPv4: 12, IPv6: 0, 最小延迟: — ms, 最高速率: 0.00 MiB/s, 平均速率: 0.00 MiB/s, 最高分辨率: —, 平均帧率: 未知, 视频编解码器: 未知, 音频编解码器: 未知
分类: 港澳台, 名称: 八大綜藝, 总数: 1, 有效率: 0.00%, 有效: 0, IPv4: 1, IPv6: 0, 最小延迟: — ms, 最高速率: 0.00 MiB/s, 平均速率: 0.00 MiB/s, 最高分辨率: —, 平均帧率: 未知, 视频编解码器: 未知, 音频编解码器: 未知
分类: 港澳台, 名称: TVBS台劇, 总数: 1, 有效率: 0.00%, 有效: 0, IPv4: 1, IPv6: 0, 最小延迟: — ms, 最高速率: 0.00 MiB/s, 平均速率: 0.00 MiB/s, 最高分辨率: —, 平均帧率: 未知, 视频编解码器: 未知, 音频编解码器: 未知
分类: 港澳台, 名称: 八大精彩, 总数: 2, 有效率: 0.00%, 有效: 0, IPv4: 2, IPv6: 0, 最小延迟: — ms, 最高速率: 0.00 MiB/s, 平均速率: 0.00 MiB/s, 最高分辨率: —, 平均帧率: 未知, 视频编解码器: 未知, 音频编解码器: 未知
分类: 港澳台, 名称: 中視, 总数: 17, 有效率: 0.00%, 有效: 0, IPv4: 17, IPv6: 0, 最小延迟: 3915 ms, 最高速率: 0.00 MiB/s, 平均速率: 0.00 MiB/s, 最高分辨率: —, 平均帧率: 未知, 视频编解码器: 未知, 音频编解码器: 未知
分类: 港澳台, 名称: 中視經典, 总数: 7, 有效率: 0.00%, 有效: 0, IPv4: 7, IPv6: 0, 最小延迟: — ms, 最高速率: 0.00 MiB/s, 平均速率: 0.00 MiB/s, 最高分辨率: —, 平均帧率: 未知, 视频编解码器: 未知, 音频编解码器: 未知
分类: 港澳台, 名称: 中視菁采, 总数: 8, 有效率: 12.50%, 有效: 1, IPv4: 8, IPv6: 0, 最小延迟: 32 ms, 最高速率: 5.58 MiB/s, 平均速率: 5.58 MiB/s, 最高分辨率: 1280x720, 平均帧率: 60.0, 视频编解码器: h264, 音频编解码器: aac
分类: 港澳台, 名称: 華視新聞, 总数: 6, 有效率: 0.00%, 有效: 0, IPv4: 6, IPv6: 0, 最小延迟: — ms, 最高速率: 0.00 MiB/s, 平均速率: 0.00 MiB/s, 最高分辨率: —, 平均帧率: 未知, 视频编解码器: 未知, 音频编解码器: 未知
分类: 港澳台, 名称: 華視, 总数: 16, 有效率: 0.00%, 有效: 0, IPv4: 16, IPv6: 0, 最小延迟: 3925 ms, 最高速率: 0.00 MiB/s, 平均速率: 0.00 MiB/s, 最高分辨率: —, 平均帧率: 未知, 视频编解码器: 未知, 音频编解码器: 未知
分类: 港澳台, 名称: 華視教育體育文化, 总数: 3, 有效率: 0.00%, 有效: 0, IPv4: 3, IPv6: 0, 最小延迟: — ms, 最高速率: 0.00 MiB/s, 平均速率: 0.00 MiB/s, 最高分辨率: —, 平均帧率: 未知, 视频编解码器: 未知, 音频编解码器: 未知
分类: 港澳台, 名称: 民視新聞, 总数: 13, 有效率: 15.38%, 有效: 2, IPv4: 13, IPv6: 0, 最小延迟: 69 ms, 最高速率: 0.99 MiB/s, 平均速率: 0.86 MiB/s, 最高分辨率: 1920x1080, 平均帧率: 29.97, 视频编解码器: h264, 音频编解码器: aac
分类: 港澳台, 名称: 澳视澳门, 总数: 2, 有效率: 0.00%, 有效: 0, IPv4: 2, IPv6: 0, 最小延迟: — ms, 最高速率: 0.00 MiB/s, 平均速率: 0.00 MiB/s, 最高分辨率: —, 平均帧率: 未知, 视频编解码器: 未知, 音频编解码器: 未知
分类: 港澳台, 名称: 澳视卫星, 总数: 1, 有效率: 0.00%, 有效: 0, IPv4: 1, IPv6: 0, 最小延迟: — ms, 最高速率: 0.00 MiB/s, 平均速率: 0.00 MiB/s, 最高分辨率: —, 平均帧率: 未知, 视频编解码器: 未知, 音频编解码器: 未知
分类: 港澳台, 名称: 民視, 总数: 13, 有效率: 0.00%, 有效: 0, IPv4: 13, IPv6: 0, 最小延迟: 3720 ms, 最高速率: 0.00 MiB/s, 平均速率: 0.00 MiB/s, 最高分辨率: —, 平均帧率: 未知, 视频编解码器: 未知, 音频编解码器: 未知
分类: 港澳台, 名称: 民視第一台, 总数: 9, 有效率: 0.00%, 有效: 0, IPv4: 9, IPv6: 0, 最小延迟: — ms, 最高速率: 0.00 MiB/s, 平均速率: 0.00 MiB/s, 最高分辨率: —, 平均帧率: 未知, 视频编解码器: 未知, 音频编解码器: 未知
分类: 港澳台, 名称: 東森綜合2, 总数: 1, 有效率: 0.00%, 有效: 0, IPv4: 1, IPv6: 0, 最小延迟: — ms, 最高速率: 0.00 MiB/s, 平均速率: 0.00 MiB/s, 最高分辨率: —, 平均帧率: 未知, 视频编解码器: 未知, 音频编解码器: 未知
分类: 港澳台, 名称: 民視台灣, 总数: 9, 有效率: 0.00%, 有效: 0, IPv4: 9, IPv6: 0, 最小延迟: — ms, 最高速率: 0.00 MiB/s, 平均速率: 0.00 MiB/s, 最高分辨率: —, 平均帧率: 未知, 视频编解码器: 未知, 音频编解码器: 未知
分类: 港澳台, 名称: 民視影劇, 总数: 2, 有效率: 0.00%, 有效: 0, IPv4: 2, IPv6: 0, 最小延迟: — ms, 最高速率: 0.00 MiB/s, 平均速率: 0.00 MiB/s, 最高分辨率: —, 平均帧率: 未知, 视频编解码器: 未知, 音频编解码器: 未知
分类: 港澳台, 名称: 民視綜藝, 总数: 2, 有效率: 0.00%, 有效: 0, IPv4: 2, IPv6: 0, 最小延迟: — ms, 最高速率: 0.00 MiB/s, 平均速率: 0.00 MiB/s, 最高分辨率: —, 平均帧率: 未知, 视频编解码器: 未知, 音频编解码器: 未知
分类: 港澳台, 名称: 台视新聞, 总数: 17, 有效率: 17.65%, 有效: 3, IPv4: 17, IPv6: 0, 最小延迟: 212 ms, 最高速率: 2.38 MiB/s, 平均速率: 1.15 MiB/s, 最高分辨率: 1920x1080, 平均帧率: 29.97, 视频编解码器: h264, 音频编解码器: aac
分类: 港澳台, 名称: 台視, 总数: 17, 有效率: 0.00%, 有效: 0, IPv4: 17, IPv6: 0, 最小延迟: 2961 ms, 最高速率: 0.05 MiB/s, 平均速率: 0.00 MiB/s, 最高分辨率: —, 平均帧率: 未知, 视频编解码器: 未知, 音频编解码器: 未知
分类: 港澳台, 名称: 台視財經, 总数: 6, 有效率: 0.00%, 有效: 0, IPv4: 6, IPv6: 0, 最小延迟: — ms, 最高速率: 0.00 MiB/s, 平均速率: 0.00 MiB/s, 最高分辨率: —, 平均帧率: 未知, 视频编解码器: 未知, 音频编解码器: 未知
分类: 港澳台, 名称: 臺視綜合, 总数: 5, 有效率: 0.00%, 有效: 0, IPv4: 5, IPv6: 0, 最小延迟: — ms, 最高速率: 0.00 MiB/s, 平均速率: 0.00 MiB/s, 最高分辨率: —, 平均帧率: 未知, 视频编解码器: 未知, 音频编解码器: 未知
分类: 港澳台, 名称: 公視, 总数: 10, 有效率: 0.00%, 有效: 0, IPv4: 10, IPv6: 0, 最小延迟: — ms, 最高速率: 0.00 MiB/s, 平均速率: 0.00 MiB/s, 最高分辨率: —, 平均帧率: 未知, 视频编解码器: 未知, 音频编解码器: 未知
分类: 港澳台, 名称: 公視台語, 总数: 4, 有效率: 0.00%, 有效: 0, IPv4: 4, IPv6: 0, 最小延迟: — ms, 最高速率: 0.00 MiB/s, 平均速率: 0.00 MiB/s, 最高分辨率: —, 平均帧率: 未知, 视频编解码器: 未知, 音频编解码器: 未知
分类: 港澳台, 名称: 非凡新闻, 总数: 4, 有效率: 0.00%, 有效: 0, IPv4: 4, IPv6: 0, 最小延迟: 2463 ms, 最高速率: 0.00 MiB/s, 平均速率: 0.00 MiB/s, 最高分辨率: —, 平均帧率: 未知, 视频编解码器: 未知, 音频编解码器: 未知
分类: 港澳台, 名称: 尼克兒童頻道, 总数: 1, 有效率: 0.00%, 有效: 0, IPv4: 1, IPv6: 0, 最小延迟: — ms, 最高速率: 0.00 MiB/s, 平均速率: 0.00 MiB/s, 最高分辨率: —, 平均帧率: 未知, 视频编解码器: 未知, 音频编解码器: 未知
分类: 港澳台, 名称: 公視戲劇, 总数: 1, 有效率: 0.00%, 有效: 0, IPv4: 1, IPv6: 0, 最小延迟: — ms, 最高速率: 0.00 MiB/s, 平均速率: 0.00 MiB/s, 最高分辨率: —, 平均帧率: 未知, 视频编解码器: 未知, 音频编解码器: 未知
分类: 港澳台, 名称: PTSxs, 总数: 1, 有效率: 0.00%, 有效: 0, IPv4: 1, IPv6: 0, 最小延迟: — ms, 最高速率: 0.00 MiB/s, 平均速率: 0.00 MiB/s, 最高分辨率: —, 平均帧率: 未知, 视频编解码器: 未知, 音频编解码器: 未知
分类: 国外, 名称: Suria, 总数: 1, 有效率: 0.00%, 有效: 0, IPv4: 1, IPv6: 0, 最小延迟: — ms, 最高速率: 0.00 MiB/s, 平均速率: 0.00 MiB/s, 最高分辨率: —, 平均帧率: 未知, 视频编解码器: 未知, 音频编解码器: 未知
分类: 国外, 名称: HITS, 总数: 7, 有效率: 0.00%, 有效: 0, IPv4: 7, IPv6: 0, 最小延迟: — ms, 最高速率: 0.00 MiB/s, 平均速率: 0.00 MiB/s, 最高分辨率: —, 平均帧率: 未知, 视频编解码器: 未知, 音频编解码器: 未知
分类: 国外, 名称: Channel5, 总数: 11, 有效率: 9.09%, 有效: 1, IPv4: 11, IPv6: 0, 最小延迟: 398 ms, 最高速率: 2.37 MiB/s, 平均速率: 2.37 MiB/s, 最高分辨率: 1920x1080, 平均帧率: 25.0, 视频编解码器: h264, 音频编解码器: 未知
分类: 国外, 名称: Channel8, 总数: 12, 有效率: 8.33%, 有效: 1, IPv4: 12, IPv6: 0, 最小延迟: 298 ms, 最高速率: 1.13 MiB/s, 平均速率: 1.13 MiB/s, 最高分辨率: 1920x1080, 平均帧率: 26.24, 视频编解码器: h264, 音频编解码器: aac
分类: 国外, 名称: CNA, 总数: 1, 有效率: 0.00%, 有效: 0, IPv4: 1, IPv6: 0, 最小延迟: — ms, 最高速率: 0.00 MiB/s, 平均速率: 0.00 MiB/s, 最高分辨率: —, 平均帧率: 未知, 视频编解码器: 未知, 音频编解码器: 未知
分类: 国外, 名称: ChannelU, 总数: 6, 有效率: 16.67%, 有效: 1, IPv4: 6, IPv6: 0, 最小延迟: 445 ms, 最高速率: 0.58 MiB/s, 平均速率: 0.58 MiB/s, 最高分辨率: 1280x720, 平均帧率: 25.0, 视频编解码器: h264, 音频编解码器: aac
分类: 国外, 名称: 天映頻道(SG), 总数: 4, 有效率: 0.00%, 有效: 0, IPv4: 4, IPv6: 0, 最小延迟: 393 ms, 最高速率: 0.41 MiB/s, 平均速率: 0.00 MiB/s, 最高分辨率: 1920x1080, 平均帧率: 50.0, 视频编解码器: h264, 音频编解码器: aac
分类: 国外, 名称: TV1, 总数: 11, 有效率: 36.36%, 有效: 4, IPv4: 11, IPv6: 0, 最小延迟: 298 ms, 最高速率: 1.49 MiB/s, 平均速率: 1.08 MiB/s, 最高分辨率: 1280x720, 平均帧率: 26.67, 视频编解码器: 未知, 音频编解码器: 未知
分类: 国外, 名称: TV2, 总数: 10, 有效率: 10.00%, 有效: 1, IPv4: 10, IPv6: 0, 最小延迟: 163 ms, 最高速率: 2.42 MiB/s, 平均速率: 2.42 MiB/s, 最高分辨率: 1920x1080, 平均帧率: 25.0, 视频编解码器: 未知, 音频编解码器: 未知
分类: 国外, 名称: TV3, 总数: 16, 有效率: 31.25%, 有效: 5, IPv4: 16, IPv6: 0, 最小延迟: 23 ms, 最高速率: 64.71 MiB/s, 平均速率: 16.82 MiB/s, 最高分辨率: 1920x1080, 平均帧率: 25.5, 视频编解码器: 未知, 音频编解码器: 未知
分类: 国外, 名称: TV9, 总数: 4, 有效率: 25.00%, 有效: 1, IPv4: 4, IPv6: 0, 最小延迟: 347 ms, 最高速率: 0.64 MiB/s, 平均速率: 0.64 MiB/s, 最高分辨率: 1280x720, 平均帧率: 25.0, 视频编解码器: 未知, 音频编解码器: 未知
分类: 国外, 名称: TVS, 总数: 38, 有效率: 31.58%, 有效: 12, IPv4: 38, IPv6: 0, 最小延迟: 30 ms, 最高速率: 10.31 MiB/s, 平均速率: 3.26 MiB/s, 最高分辨率: 1920x1080, 平均帧率: 13660.76, 视频编解码器: h264, 音频编解码器: aac
分类: 国外, 名称: 8TV, 总数: 3, 有效率: 0.00%, 有效: 0, IPv4: 3, IPv6: 0, 最小延迟: — ms, 最高速率: 0.00 MiB/s, 平均速率: 0.00 MiB/s, 最高分辨率: —, 平均帧率: 未知, 视频编解码器: 未知, 音频编解码器: 未知
分类: 国外, 名称: TV6, 总数: 2, 有效率: 0.00%, 有效: 0, IPv4: 2, IPv6: 0, 最小延迟: 1127 ms, 最高速率: 0.06 MiB/s, 平均速率: 0.00 MiB/s, 最高分辨率: 1048x576, 平均帧率: 25.0, 视频编解码器: 未知, 音频编解码器: 未知
分类: 国外, 名称: ZEEcinema, 总数: 1, 有效率: 0.00%, 有效: 0, IPv4: 1, IPv6: 0, 最小延迟: — ms, 最高速率: 0.00 MiB/s, 平均速率: 0.00 MiB/s, 最高分辨率: —, 平均帧率: 未知, 视频编解码器: 未知, 音频编解码器: 未知
分类: 国外, 名称: E!, 总数: 5, 有效率: 0.00%, 有效: 0, IPv4: 5, IPv6: 0, 最小延迟: 151 ms, 最高速率: 1.07 MiB/s, 平均速率: 0.00 MiB/s, 最高分辨率: 1920x1080, 平均帧率: 44.97, 视频编解码器: 未知, 音频编解码器: 未知
分类: 国外, 名称: Comedy Central, 总数: 6, 有效率: 16.67%, 有效: 1, IPv4: 6, IPv6: 0, 最小延迟: 6 ms, 最高速率: 54.27 MiB/s, 平均速率: 54.27 MiB/s, 最高分辨率: 1920x1080, 平均帧率: 27.48, 视频编解码器: h264, 音频编解码器: aac
分类: 国外, 名称: Cartoon Network, 总数: 5, 有效率: 0.00%, 有效: 0, IPv4: 5, IPv6: 0, 最小延迟: — ms, 最高速率: 0.00 MiB/s, 平均速率: 0.00 MiB/s, 最高分辨率: —, 平均帧率: 未知, 视频编解码器: 未知, 音频编解码器: 未知
分类: 国外, 名称: RTM, 总数: 2, 有效率: 50.00%, 有效: 1, IPv4: 2, IPv6: 0, 最小延迟: 326 ms, 最高速率: 1.09 MiB/s, 平均速率: 1.09 MiB/s, 最高分辨率: 1920x1080, 平均帧率: 未知, 视频编解码器: 未知, 音频编解码器: 未知
分类: 国外, 名称: Bloomberg TV, 总数: 45, 有效率: 33.33%, 有效: 15, IPv4: 45, IPv6: 0, 最小延迟: 12 ms, 最高速率: 53.59 MiB/s, 平均速率: 16.37 MiB/s, 最高分辨率: 1920x1080, 平均帧率: 34.98, 视频编解码器: h264, 音频编解码器: aac
分类: 国外, 名称: Bravo, 总数: 6, 有效率: 50.00%, 有效: 3, IPv4: 6, IPv6: 0, 最小延迟: 172 ms, 最高速率: 1.02 MiB/s, 平均速率: 0.69 MiB/s, 最高分辨率: 1920x1080, 平均帧率: 38.31, 视频编解码器: h264, 音频编解码器: aac
分类: 国外, 名称: BBC News, 总数: 1, 有效率: 100.00%, 有效: 1, IPv4: 1, IPv6: 0, 最小延迟: 53 ms, 最高速率: 23.02 MiB/s, 平均速率: 23.02 MiB/s, 最高分辨率: 1280x720, 平均帧率: 50.0, 视频编解码器: h264, 音频编解码器: aac
分类: 国外, 名称: Fuse, 总数: 1, 有效率: 0.00%, 有效: 0, IPv4: 1, IPv6: 0, 最小延迟: 886 ms, 最高速率: 0.20 MiB/s, 平均速率: 0.00 MiB/s, 最高分辨率: 1920x1080, 平均帧率: 59.94, 视频编解码器: 未知, 音频编解码器: 未知
分类: 国外, 名称: A&E, 总数: 3, 有效率: 66.67%, 有效: 2, IPv4: 3, IPv6: 0, 最小延迟: 54 ms, 最高速率: 8.47 MiB/s, 平均速率: 4.64 MiB/s, 最高分辨率: 1280x720, 平均帧率: 44.96, 视频编解码器: mpeg2video, 音频编解码器: mp2
分类: 国外, 名称: WETV, 总数: 1, 有效率: 0.00%, 有效: 0, IPv4: 1, IPv6: 0, 最小延迟: 1967 ms, 最高速率: 0.07 MiB/s, 平均速率: 0.00 MiB/s, 最高分辨率: 1920x1080, 平均帧率: 59.94, 视频编解码器: 未知, 音频编解码器: 未知
分类: 国外, 名称: France24, 总数: 16, 有效率: 31.25%, 有效: 5, IPv4: 16, IPv6: 0, 最小延迟: 111 ms, 最高速率: 25.11 MiB/s, 平均速率: 8.10 MiB/s, 最高分辨率: 1920x1080, 平均帧率: 25.0, 视频编解码器: h264, 音频编解码器: aac
分类: 国外, 名称: AFN, 总数: 9, 有效率: 11.11%, 有效: 1, IPv4: 9, IPv6: 0, 最小延迟: 796 ms, 最高速率: 2.65 MiB/s, 平均速率: 2.65 MiB/s, 最高分辨率: 1920x1080, 平均帧率: 50.0, 视频编解码器: h264, 音频编解码器: aac
分类: 国外, 名称: VICE, 总数: 2, 有效率: 0.00%, 有效: 0, IPv4: 2, IPv6: 0, 最小延迟: 2423 ms, 最高速率: 0.04 MiB/s, 平均速率: 0.00 MiB/s, 最高分辨率: 1920x1080, 平均帧率: 59.94, 视频编解码器: 未知, 音频编解码器: 未知
分类: 国外, 名称: AXSTV, 总数: 1, 有效率: 100.00%, 有效: 1, IPv4: 1, IPv6: 0, 最小延迟: 66 ms, 最高速率: 9.58 MiB/s, 平均速率: 9.58 MiB/s, 最高分辨率: 1280x720, 平均帧率: 59.94, 视频编解码器: mpeg2video, 音频编解码器: mp2
分类: 国外, 名称: AlJazeera, 总数: 18, 有效率: 44.44%, 有效: 8, IPv4: 18, IPv6: 0, 最小延迟: 13 ms, 最高速率: 129.31 MiB/s, 平均速率: 20.97 MiB/s, 最高分辨率: 1920x1080, 平均帧率: 25.83, 视频编解码器: h264, 音频编解码器: aac
分类: 国外, 名称: KBSWorld, 总数: 5, 有效率: 40.00%, 有效: 2, IPv4: 5, IPv6: 0, 最小延迟: 196 ms, 最高速率: 0.57 MiB/s, 平均速率: 0.56 MiB/s, 最高分辨率: 1280x720, 平均帧率: 25.0, 视频编解码器: 未知, 音频编解码器: 未知
分类: 国外, 名称: NHK, 总数: 23, 有效率: 4.35%, 有效: 1, IPv4: 23, IPv6: 0, 最小延迟: 127 ms, 最高速率: 2.43 MiB/s, 平均速率: 1.57 MiB/s, 最高分辨率: 1280x720, 平均帧率: 27.49, 视频编解码器: h264, 音频编解码器: aac
分类: 国外, 名称: Astro_Ria, 总数: 1, 有效率: 0.00%, 有效: 0, IPv4: 1, IPv6: 0, 最小延迟: — ms, 最高速率: 0.00 MiB/s, 平均速率: 0.00 MiB/s, 最高分辨率: —, 平均帧率: 未知, 视频编解码器: 未知, 音频编解码器: 未知
分类: 国外, 名称: Astro_Aura, 总数: 1, 有效率: 0.00%, 有效: 0, IPv4: 1, IPv6: 0, 最小延迟: — ms, 最高速率: 0.00 MiB/s, 平均速率: 0.00 MiB/s, 最高分辨率: —, 平均帧率: 未知, 视频编解码器: 未知, 音频编解码器: 未知
分类: 国外, 名称: Astro_Rania, 总数: 1, 有效率: 0.00%, 有效: 0, IPv4: 1, IPv6: 0, 最小延迟: — ms, 最高速率: 0.00 MiB/s, 平均速率: 0.00 MiB/s, 最高分辨率: —, 平均帧率: 未知, 视频编解码器: 未知, 音频编解码器: 未知
分类: 国外, 名称: Astro_Awani, 总数: 1, 有效率: 0.00%, 有效: 0, IPv4: 1, IPv6: 0, 最小延迟: — ms, 最高速率: 0.00 MiB/s, 平均速率: 0.00 MiB/s, 最高分辨率: —, 平均帧率: 未知, 视频编解码器: 未知, 音频编解码器: 未知
分类: 国外, 名称: Astro_Ceria, 总数: 1, 有效率: 0.00%, 有效: 0, IPv4: 1, IPv6: 0, 最小延迟: — ms, 最高速率: 0.00 MiB/s, 平均速率: 0.00 MiB/s, 最高分辨率: —, 平均帧率: 未知, 视频编解码器: 未知, 音频编解码器: 未知
分类: 国外, 名称: Astro_Oasis, 总数: 1, 有效率: 0.00%, 有效: 0, IPv4: 1, IPv6: 0, 最小延迟: — ms, 最高速率: 0.00 MiB/s, 平均速率: 0.00 MiB/s, 最高分辨率: —, 平均帧率: 未知, 视频编解码器: 未知, 音频编解码器: 未知
分类: 国外, 名称: Astro_Citra, 总数: 1, 有效率: 0.00%, 有效: 0, IPv4: 1, IPv6: 0, 最小延迟: — ms, 最高速率: 0.00 MiB/s, 平均速率: 0.00 MiB/s, 最高分辨率: —, 平均帧率: 未知, 视频编解码器: 未知, 音频编解码器: 未知
分类: 国外, 名称: NTV, 总数: 22, 有效率: 22.73%, 有效: 5, IPv4: 22, IPv6: 0, 最小延迟: 5 ms, 最高速率: 51.78 MiB/s, 平均速率: 4.09 MiB/s, 最高分辨率: 1920x1080, 平均帧率: 25.62, 视频编解码器: h264, 音频编解码器: aac
分类: 国外, 名称: Astro_Prima, 总数: 1, 有效率: 0.00%, 有效: 0, IPv4: 1, IPv6: 0, 最小延迟: — ms, 最高速率: 0.00 MiB/s, 平均速率: 0.00 MiB/s, 最高分辨率: —, 平均帧率: 未知, 视频编解码器: 未知, 音频编解码器: 未知
分类: 国外, 名称: TBS, 总数: 6, 有效率: 16.67%, 有效: 1, IPv4: 6, IPv6: 0, 最小延迟: 545 ms, 最高速率: 1.18 MiB/s, 平均速率: 1.18 MiB/s, 最高分辨率: 1920x1080, 平均帧率: 25.0, 视频编解码器: h264, 音频编解码器: aac
分类: 国外, 名称: USA Network, 总数: 2, 有效率: 0.00%, 有效: 0, IPv4: 2, IPv6: 0, 最小延迟: — ms, 最高速率: 0.00 MiB/s, 平均速率: 0.00 MiB/s, 最高分辨率: —, 平均帧率: 未知, 视频编解码器: 未知, 音频编解码器: 未知
分类: 国外, 名称: WOWOW, 总数: 6, 有效率: 0.00%, 有效: 0, IPv4: 6, IPv6: 0, 最小延迟: — ms, 最高速率: 0.00 MiB/s, 平均速率: 0.00 MiB/s, 最高分辨率: —, 平均帧率: 未知, 视频编解码器: 未知, 音频编解码器: 未知
分类: 国外, 名称: FujiTV, 总数: 4, 有效率: 0.00%, 有效: 0, IPv4: 4, IPv6: 0, 最小延迟: 72 ms, 最高速率: 4.49 MiB/s, 平均速率: 0.00 MiB/s, 最高分辨率: 960x540, 平均帧率: 25.0, 视频编解码器: h264, 音频编解码器: aac
分类: 国外, 名称: TVAsahi, 总数: 2, 有效率: 0.00%, 有效: 0, IPv4: 2, IPv6: 0, 最小延迟: — ms, 最高速率: 0.00 MiB/s, 平均速率: 0.00 MiB/s, 最高分辨率: —, 平均帧率: 未知, 视频编解码器: 未知, 音频编解码器: 未知
分类: 国外, 名称: TVTokyo, 总数: 2, 有效率: 0.00%, 有效: 0, IPv4: 2, IPv6: 0, 最小延迟: — ms, 最高速率: 0.00 MiB/s, 平均速率: 0.00 MiB/s, 最高分辨率: —, 平均帧率: 未知, 视频编解码器: 未知, 音频编解码器: 未知
分类: 轮播剧场, 名称: 成龙, 总数: 5, 有效率: 20.00%, 有效: 1, IPv4: 5, IPv6: 0, 最小延迟: 1284 ms, 最高速率: 0.44 MiB/s, 平均速率: 0.44 MiB/s, 最高分辨率: —, 平均帧率: 未知, 视频编解码器: 未知, 音频编解码器: 未知
分类: 轮播剧场, 名称: 刘德华, 总数: 5, 有效率: 20.00%, 有效: 1, IPv4: 5, IPv6: 0, 最小延迟: 1478 ms, 最高速率: 0.87 MiB/s, 平均速率: 0.87 MiB/s, 最高分辨率: —, 平均帧率: 未知, 视频编解码器: 未知, 音频编解码器: 未知
分类: 轮播剧场, 名称: 周星驰, 总数: 10, 有效率: 10.00%, 有效: 1, IPv4: 10, IPv6: 0, 最小延迟: 1111 ms, 最高速率: 1.47 MiB/s, 平均速率: 1.47 MiB/s, 最高分辨率: —, 平均帧率: 未知, 视频编解码器: 未知, 音频编解码器: 未知
分类: 轮播剧场, 名称: 周润发, 总数: 9, 有效率: 0.00%, 有效: 0, IPv4: 9, IPv6: 0, 最小延迟: — ms, 最高速率: 0.00 MiB/s, 平均速率: 0.00 MiB/s, 最高分辨率: —, 平均帧率: 未知, 视频编解码器: 未知, 音频编解码器: 未知
分类: 轮播剧场, 名称: 李连杰, 总数: 6, 有效率: 16.67%, 有效: 1, IPv4: 6, IPv6: 0, 最小延迟: 1406 ms, 最高速率: 0.79 MiB/s, 平均速率: 0.79 MiB/s, 最高分辨率: —, 平均帧率: 未知, 视频编解码器: 未知, 音频编解码器: 未知
分类: 轮播剧场, 名称: 黑子的篮球, 总数: 2, 有效率: 0.00%, 有效: 0, IPv4: 2, IPv6: 0, 最小延迟: — ms, 最高速率: 0.00 MiB/s, 平均速率: 0.00 MiB/s, 最高分辨率: —, 平均帧率: 未知, 视频编解码器: 未知, 音频编解码器: 未知
分类: 轮播剧场, 名称: 猫和老鼠, 总数: 5, 有效率: 40.00%, 有效: 2, IPv4: 5, IPv6: 0, 最小延迟: 24 ms, 最高速率: 8.25 MiB/s, 平均速率: 5.85 MiB/s, 最高分辨率: 1280x720, 平均帧率: 29.97, 视频编解码器: h264, 音频编解码器: aac
分类: 轮播剧场, 名称: 成龙历险记, 总数: 2, 有效率: 0.00%, 有效: 0, IPv4: 2, IPv6: 0, 最小延迟: 3840 ms, 最高速率: 0.01 MiB/s, 平均速率: 0.00 MiB/s, 最高分辨率: —, 平均帧率: 未知, 视频编解码器: 未知, 音频编解码器: 未知
分类: 轮播剧场, 名称: 龙珠, 总数: 8, 有效率: 12.50%, 有效: 1, IPv4: 8, IPv6: 0, 最小延迟: 4168 ms, 最高速率: 0.30 MiB/s, 平均速率: 0.30 MiB/s, 最高分辨率: —, 平均帧率: 未知, 视频编解码器: 未知, 音频编解码器: 未知
分类: 轮播剧场, 名称: 全职高手, 总数: 2, 有效率: 0.00%, 有效: 0, IPv4: 2, IPv6: 0, 最小延迟: — ms, 最高速率: 0.00 MiB/s, 平均速率: 0.00 MiB/s, 最高分辨率: —, 平均帧率: 未知, 视频编解码器: 未知, 音频编解码器: 未知
分类: 轮播剧场, 名称: 哆啦A梦, 总数: 7, 有效率: 0.00%, 有效: 0, IPv4: 7, IPv6: 0, 最小延迟: 3361 ms, 最高速率: 0.01 MiB/s, 平均速率: 0.00 MiB/s, 最高分辨率: —, 平均帧率: 未知, 视频编解码器: 未知, 音频编解码器: 未知
分类: 轮播剧场, 名称: 蜡笔小新, 总数: 3, 有效率: 33.33%, 有效: 1, IPv4: 3, IPv6: 0, 最小延迟: 3964 ms, 最高速率: 0.32 MiB/s, 平均速率: 0.32 MiB/s, 最高分辨率: —, 平均帧率: 未知, 视频编解码器: 未知, 音频编解码器: 未知
分类: 轮播剧场, 名称: 海绵宝宝, 总数: 5, 有效率: 0.00%, 有效: 0, IPv4: 5, IPv6: 0, 最小延迟: — ms, 最高速率: 0.00 MiB/s, 平均速率: 0.00 MiB/s, 最高分辨率: —, 平均帧率: 未知, 视频编解码器: 未知, 音频编解码器: 未知
分类: 轮播剧场, 名称: 魔法少女, 总数: 2, 有效率: 50.00%, 有效: 1, IPv4: 2, IPv6: 0, 最小延迟: 3538 ms, 最高速率: 0.46 MiB/s, 平均速率: 0.46 MiB/s, 最高分辨率: —, 平均帧率: 未知, 视频编解码器: 未知, 音频编解码器: 未知
分类: 轮播剧场, 名称: 全职猎人, 总数: 2, 有效率: 0.00%, 有效: 0, IPv4: 2, IPv6: 0, 最小延迟: — ms, 最高速率: 0.00 MiB/s, 平均速率: 0.00 MiB/s, 最高分辨率: —, 平均帧率: 未知, 视频编解码器: 未知, 音频编解码器: 未知
分类: 轮播剧场, 名称: 海贼王, 总数: 4, 有效率: 0.00%, 有效: 0, IPv4: 4, IPv6: 0, 最小延迟: 3146 ms, 最高速率: 0.23 MiB/s, 平均速率: 0.00 MiB/s, 最高分辨率: —, 平均帧率: 未知, 视频编解码器: 未知, 音频编解码器: 未知
分类: 轮播剧场, 名称: 一人之上, 总数: 2, 有效率: 0.00%, 有效: 0, IPv4: 2, IPv6: 0, 最小延迟: — ms, 最高速率: 0.00 MiB/s, 平均速率: 0.00 MiB/s, 最高分辨率: —, 平均帧率: 未知, 视频编解码器: 未知, 音频编解码器: 未知
分类: 轮播剧场, 名称: 网球王子, 总数: 2, 有效率: 0.00%, 有效: 0, IPv4: 2, IPv6: 0, 最小延迟: 4362 ms, 最高速率: 0.21 MiB/s, 平均速率: 0.00 MiB/s, 最高分辨率: —, 平均帧率: 未知, 视频编解码器: 未知, 音频编解码器: 未知
分类: 轮播剧场, 名称: 宫崎骏系列, 总数: 1, 有效率: 0.00%, 有效: 0, IPv4: 1, IPv6: 0, 最小延迟: — ms, 最高速率: 0.00 MiB/s, 平均速率: 0.00 MiB/s, 最高分辨率: —, 平均帧率: 未知, 视频编解码器: 未知, 音频编解码器: 未知
分类: 轮播剧场, 名称: 火影忍者, 总数: 2, 有效率: 50.00%, 有效: 1, IPv4: 2, IPv6: 0, 最小延迟: 2491 ms, 最高速率: 0.45 MiB/s, 平均速率: 0.45 MiB/s, 最高分辨率: —, 平均帧率: 未知, 视频编解码器: 未知, 音频编解码器: 未知
分类: 轮播剧场, 名称: 庆余年, 总数: 9, 有效率: 0.00%, 有效: 0, IPv4: 9, IPv6: 0, 最小延迟: 4383 ms, 最高速率: 0.17 MiB/s, 平均速率: 0.00 MiB/s, 最高分辨率: —, 平均帧率: 未知, 视频编解码器: 未知, 音频编解码器: 未知
分类: 轮播剧场, 名称: 星辰变, 总数: 1, 有效率: 0.00%, 有效: 0, IPv4: 1, IPv6: 0, 最小延迟: 3361 ms, 最高速率: 0.00 MiB/s, 平均速率: 0.00 MiB/s, 最高分辨率: —, 平均帧率: 未知, 视频编解码器: 未知, 音频编解码器: 未知
分类: 轮播剧场, 名称: 瑞克与莫蒂, 总数: 1, 有效率: 0.00%, 有效: 0, IPv4: 1, IPv6: 0, 最小延迟: — ms, 最高速率: 0.00 MiB/s, 平均速率: 0.00 MiB/s, 最高分辨率: —, 平均帧率: 未知, 视频编解码器: 未知, 音频编解码器: 未知
分类: 轮播剧场, 名称: 飞天小女警, 总数: 1, 有效率: 0.00%, 有效: 0, IPv4: 1, IPv6: 0, 最小延迟: — ms, 最高速率: 0.00 MiB/s, 平均速率: 0.00 MiB/s, 最高分辨率: —, 平均帧率: 未知, 视频编解码器: 未知, 音频编解码器: 未知
分类: 轮播剧场, 名称: 封神榜, 总数: 11, 有效率: 0.00%, 有效: 0, IPv4: 11, IPv6: 0, 最小延迟: 1519 ms, 最高速率: 0.08 MiB/s, 平均速率: 0.00 MiB/s, 最高分辨率: —, 平均帧率: 未知, 视频编解码器: 未知, 音频编解码器: 未知
分类: 轮播剧场, 名称: 樱桃小丸子, 总数: 1, 有效率: 0.00%, 有效: 0, IPv4: 1, IPv6: 0, 最小延迟: 4098 ms, 最高速率: 0.20 MiB/s, 平均速率: 0.00 MiB/s, 最高分辨率: —, 平均帧率: 未知, 视频编解码器: 未知, 音频编解码器: 未知
分类: 轮播剧场, 名称: 陈情令, 总数: 5, 有效率: 0.00%, 有效: 0, IPv4: 5, IPv6: 0, 最小延迟: 1426 ms, 最高速率: 0.04 MiB/s, 平均速率: 0.00 MiB/s, 最高分辨率: —, 平均帧率: 未知, 视频编解码器: 未知, 音频编解码器: 未知
分类: 轮播剧场, 名称: 鹿鼎记, 总数: 17, 有效率: 0.00%, 有效: 0, IPv4: 17, IPv6: 0, 最小延迟: 3250 ms, 最高速率: 0.00 MiB/s, 平均速率: 0.00 MiB/s, 最高分辨率: —, 平均帧率: 未知, 视频编解码器: 未知, 音频编解码器: 未知
分类: 轮播剧场, 名称: 寻秦记, 总数: 17, 有效率: 0.00%, 有效: 0, IPv4: 17, IPv6: 0, 最小延迟: 1323 ms, 最高速率: 0.14 MiB/s, 平均速率: 0.00 MiB/s, 最高分辨率: —, 平均帧率: 未知, 视频编解码器: 未知, 音频编解码器: 未知
分类: 轮播剧场, 名称: 头文字D, 总数: 1, 有效率: 0.00%, 有效: 0, IPv4: 1, IPv6: 0, 最小延迟: — ms, 最高速率: 0.00 MiB/s, 平均速率: 0.00 MiB/s, 最高分辨率: —, 平均帧率: 未知, 视频编解码器: 未知, 音频编解码器: 未知
分类: 轮播剧场, 名称: 洗冤录, 总数: 8, 有效率: 25.00%, 有效: 2, IPv4: 8, IPv6: 0, 最小延迟: 2768 ms, 最高速率: 0.61 MiB/s, 平均速率: 0.47 MiB/s, 最高分辨率: —, 平均帧率: 未知, 视频编解码器: 未知, 音频编解码器: 未知
分类: 轮播剧场, 名称: 创世纪, 总数: 11, 有效率: 18.18%, 有效: 2, IPv4: 11, IPv6: 0, 最小延迟: 1148 ms, 最高速率: 1.21 MiB/s, 平均速率: 1.09 MiB/s, 最高分辨率: —, 平均帧率: 未知, 视频编解码器: 未知, 音频编解码器: 未知
分类: 轮播剧场, 名称: 四驱兄弟, 总数: 1, 有效率: 0.00%, 有效: 0, IPv4: 1, IPv6: 0, 最小延迟: 4073 ms, 最高速率: 0.29 MiB/s, 平均速率: 0.00 MiB/s, 最高分辨率: —, 平均帧率: 未知, 视频编解码器: 未知, 音频编解码器: 未知
分类: 轮播剧场, 名称: 大时代, 总数: 7, 有效率: 0.00%, 有效: 0, IPv4: 7, IPv6: 0, 最小延迟: 2005 ms, 最高速率: 0.00 MiB/s, 平均速率: 0.00 MiB/s, 最高分辨率: —, 平均帧率: 未知, 视频编解码器: 未知, 音频编解码器: 未知
分类: 轮播剧场, 名称: 埋堆堆, 总数: 129, 有效率: 0.00%, 有效: 0, IPv4: 129, IPv6: 0, 最小延迟: 2102 ms, 最高速率: 0.09 MiB/s, 平均速率: 0.00 MiB/s, 最高分辨率: —, 平均帧率: 未知, 视频编解码器: 未知, 音频编解码器: 未知
分类: 轮播剧场, 名称: 柳舟计, 总数: 2, 有效率: 0.00%, 有效: 0, IPv4: 2, IPv6: 0, 最小延迟: — ms, 最高速率: 0.00 MiB/s, 平均速率: 0.00 MiB/s, 最高分辨率: —, 平均帧率: 未知, 视频编解码器: 未知, 音频编解码器: 未知
分类: 轮播剧场, 名称: 埋堆堆2, 总数: 2, 有效率: 0.00%, 有效: 0, IPv4: 2, IPv6: 0, 最小延迟: — ms, 最高速率: 0.00 MiB/s, 平均速率: 0.00 MiB/s, 最高分辨率: —, 平均帧率: 未知, 视频编解码器: 未知, 音频编解码器: 未知
分类: 轮播剧场, 名称: 功夫电影, 总数: 3, 有效率: 0.00%, 有效: 0, IPv4: 3, IPv6: 0, 最小延迟: — ms, 最高速率: 0.00 MiB/s, 平均速率: 0.00 MiB/s, 最高分辨率: —, 平均帧率: 未知, 视频编解码器: 未知, 音频编解码器: 未知
分类: 轮播剧场, 名称: 金庸武侠, 总数: 4, 有效率: 25.00%, 有效: 1, IPv4: 4, IPv6: 0, 最小延迟: 881 ms, 最高速率: 0.32 MiB/s, 平均速率: 0.32 MiB/s, 最高分辨率: —, 平均帧率: 未知, 视频编解码器: 未知, 音频编解码器: 未知
分类: 轮播剧场, 名称: 强森电影, 总数: 3, 有效率: 0.00%, 有效: 0, IPv4: 3, IPv6: 0, 最小延迟: — ms, 最高速率: 0.00 MiB/s, 平均速率: 0.00 MiB/s, 最高分辨率: —, 平均帧率: 未知, 视频编解码器: 未知, 音频编解码器: 未知
分类: 轮播剧场, 名称: 电影_玄幻, 总数: 4, 有效率: 25.00%, 有效: 1, IPv4: 4, IPv6: 0, 最小延迟: 1305 ms, 最高速率: 0.63 MiB/s, 平均速率: 0.63 MiB/s, 最高分辨率: —, 平均帧率: 未知, 视频编解码器: 未知, 音频编解码器: 未知
分类: 轮播剧场, 名称: 电影_国产, 总数: 7, 有效率: 14.29%, 有效: 1, IPv4: 7, IPv6: 0, 最小延迟: 1881 ms, 最高速率: 0.40 MiB/s, 平均速率: 0.40 MiB/s, 最高分辨率: —, 平均帧率: 未知, 视频编解码器: 未知, 音频编解码器: 未知
分类: 轮播剧场, 名称: 电影_武侠, 总数: 2, 有效率: 0.00%, 有效: 0, IPv4: 2, IPv6: 0, 最小延迟: — ms, 最高速率: 0.00 MiB/s, 平均速率: 0.00 MiB/s, 最高分辨率: —, 平均帧率: 未知, 视频编解码器: 未知, 音频编解码器: 未知
分类: 轮播剧场, 名称: 电影_斯坦森, 总数: 3, 有效率: 33.33%, 有效: 1, IPv4: 3, IPv6: 0, 最小延迟: 1681 ms, 最高速率: 0.71 MiB/s, 平均速率: 0.71 MiB/s, 最高分辨率: —, 平均帧率: 未知, 视频编解码器: 未知, 音频编解码器: 未知
分类: 轮播剧场, 名称: 电影_功夫片, 总数: 3, 有效率: 0.00%, 有效: 0, IPv4: 3, IPv6: 0, 最小延迟: — ms, 最高速率: 0.00 MiB/s, 平均速率: 0.00 MiB/s, 最高分辨率: —, 平均帧率: 未知, 视频编解码器: 未知, 音频编解码器: 未知
分类: 轮播剧场, 名称: 剧集_老三国, 总数: 2, 有效率: 0.00%, 有效: 0, IPv4: 2, IPv6: 0, 最小延迟: 1600 ms, 最高速率: 0.04 MiB/s, 平均速率: 0.00 MiB/s, 最高分辨率: —, 平均帧率: 未知, 视频编解码器: 未知, 音频编解码器: 未知
分类: 轮播剧场, 名称: 电影_不挤影院, 总数: 5, 有效率: 0.00%, 有效: 0, IPv4: 5, IPv6: 0, 最小延迟: — ms, 最高速率: 0.00 MiB/s, 平均速率: 0.00 MiB/s, 最高分辨率: —, 平均帧率: 未知, 视频编解码器: 未知, 音频编解码器: 未知
分类: 轮播剧场, 名称: 电影_高分动作, 总数: 5, 有效率: 20.00%, 有效: 1, IPv4: 5, IPv6: 0, 最小延迟: 1334 ms, 最高速率: 1.10 MiB/s, 平均速率: 1.10 MiB/s, 最高分辨率: —, 平均帧率: 未知, 视频编解码器: 未知, 音频编解码器: 未知
分类: 轮播剧场, 名称: 电影_欢笑影院, 总数: 5, 有效率: 0.00%, 有效: 0, IPv4: 5, IPv6: 0, 最小延迟: 1058 ms, 最高速率: 0.00 MiB/s, 平均速率: 0.00 MiB/s, 最高分辨率: —, 平均帧率: 未知, 视频编解码器: 未知, 音频编解码器: 未知
分类: 轮播剧场, 名称: 电影_许氏三杰, 总数: 3, 有效率: 33.33%, 有效: 1, IPv4: 3, IPv6: 0, 最小延迟: 1145 ms, 最高速率: 0.87 MiB/s, 平均速率: 0.87 MiB/s, 最高分辨率: —, 平均帧率: 未知, 视频编解码器: 未知, 音频编解码器: 未知
分类: 轮播剧场, 名称: 电影_国产悬疑, 总数: 5, 有效率: 20.00%, 有效: 1, IPv4: 5, IPv6: 0, 最小延迟: 1270 ms, 最高速率: 1.61 MiB/s, 平均速率: 1.61 MiB/s, 最高分辨率: —, 平均帧率: 未知, 视频编解码器: 未知, 音频编解码器: 未知
分类: 轮播剧场, 名称: 电影_黑帮斗争, 总数: 5, 有效率: 0.00%, 有效: 0, IPv4: 5, IPv6: 0, 最小延迟: 1419 ms, 最高速率: 0.05 MiB/s, 平均速率: 0.00 MiB/s, 最高分辨率: —, 平均帧率: 未知, 视频编解码器: 未知, 音频编解码器: 未知
分类: 轮播剧场, 名称: 电影_喜乐影院, 总数: 5, 有效率: 0.00%, 有效: 0, IPv4: 5, IPv6: 0, 最小延迟: 1478 ms, 最高速率: 0.05 MiB/s, 平均速率: 0.00 MiB/s, 最高分辨率: —, 平均帧率: 未知, 视频编解码器: 未知, 音频编解码器: 未知
分类: 轮播剧场, 名称: 王晶电影, 总数: 1, 有效率: 0.00%, 有效: 0, IPv4: 1, IPv6: 0, 最小延迟: — ms, 最高速率: 0.00 MiB/s, 平均速率: 0.00 MiB/s, 最高分辨率: —, 平均帧率: 未知, 视频编解码器: 未知, 音频编解码器: 未知
分类: 轮播剧场, 名称: 亮剑, 总数: 5, 有效率: 0.00%, 有效: 0, IPv4: 5, IPv6: 0, 最小延迟: 672 ms, 最高速率: 0.00 MiB/s, 平均速率: 0.00 MiB/s, 最高分辨率: —, 平均帧率: 未知, 视频编解码器: 未知, 音频编解码器: 未知
分类: 轮播剧场, 名称: 士兵突击, 总数: 11, 有效率: 0.00%, 有效: 0, IPv4: 11, IPv6: 0, 最小延迟: 1174 ms, 最高速率: 0.04 MiB/s, 平均速率: 0.00 MiB/s, 最高分辨率: —, 平均帧率: 未知, 视频编解码器: 未知, 音频编解码器: 未知
分类: 轮播剧场, 名称: 雪豹, 总数: 4, 有效率: 0.00%, 有效: 0, IPv4: 4, IPv6: 0, 最小延迟: 1691 ms, 最高速率: 0.02 MiB/s, 平均速率: 0.00 MiB/s, 最高分辨率: —, 平均帧率: 未知, 视频编解码器: 未知, 音频编解码器: 未知
分类: 轮播剧场, 名称: 笑傲江湖, 总数: 22, 有效率: 0.00%, 有效: 0, IPv4: 22, IPv6: 0, 最小延迟: 434 ms, 最高速率: 0.05 MiB/s, 平均速率: 0.00 MiB/s, 最高分辨率: —, 平均帧率: 未知, 视频编解码器: 未知, 音频编解码器: 未知
分类: 轮播剧场, 名称: 贺岁电影, 总数: 3, 有效率: 33.33%, 有效: 1, IPv4: 3, IPv6: 0, 最小延迟: 1735 ms, 最高速率: 0.46 MiB/s, 平均速率: 0.46 MiB/s, 最高分辨率: —, 平均帧率: 未知, 视频编解码器: 未知, 音频编解码器: 未知
分类: 轮播剧场, 名称: 永夜星河, 总数: 1, 有效率: 0.00%, 有效: 0, IPv4: 1, IPv6: 0, 最小延迟: — ms, 最高速率: 0.00 MiB/s, 平均速率: 0.00 MiB/s, 最高分辨率: —, 平均帧率: 未知, 视频编解码器: 未知, 音频编解码器: 未知
分类: 轮播剧场, 名称: 电影_洪金宝, 总数: 1, 有效率: 0.00%, 有效: 0, IPv4: 1, IPv6: 0, 最小延迟: — ms, 最高速率: 0.00 MiB/s, 平均速率: 0.00 MiB/s, 最高分辨率: —, 平均帧率: 未知, 视频编解码器: 未知, 音频编解码器: 未知
分类: 轮播剧场, 名称: 神雕侠侣, 总数: 13, 有效率: 0.00%, 有效: 0, IPv4: 13, IPv6: 0, 最小延迟: 3729 ms, 最高速率: 0.00 MiB/s, 平均速率: 0.00 MiB/s, 最高分辨率: —, 平均帧率: 未知, 视频编解码器: 未知, 音频编解码器: 未知
分类: 轮播剧场, 名称: 倚天屠龙记, 总数: 9, 有效率: 0.00%, 有效: 0, IPv4: 9, IPv6: 0, 最小延迟: 637 ms, 最高速率: 0.00 MiB/s, 平均速率: 0.00 MiB/s, 最高分辨率: —, 平均帧率: 未知, 视频编解码器: 未知, 音频编解码器: 未知
分类: 轮播剧场, 名称: 铁齿铜牙纪晓岚, 总数: 7, 有效率: 14.29%, 有效: 1, IPv4: 7, IPv6: 0, 最小延迟: 1278 ms, 最高速率: 0.52 MiB/s, 平均速率: 0.52 MiB/s, 最高分辨率: —, 平均帧率: 未知, 视频编解码器: 未知, 音频编解码器: 未知
分类: 轮播剧场, 名称: 康熙王朝, 总数: 11, 有效率: 0.00%, 有效: 0, IPv4: 11, IPv6: 0, 最小延迟: 1363 ms, 最高速率: 0.12 MiB/s, 平均速率: 0.00 MiB/s, 最高分辨率: —, 平均帧率: 未知, 视频编解码器: 未知, 音频编解码器: 未知
分类: 轮播剧场, 名称: 鬼吹灯之怒晴湘西, 总数: 4, 有效率: 0.00%, 有效: 0, IPv4: 4, IPv6: 0, 最小延迟: — ms, 最高速率: 0.00 MiB/s, 平均速率: 0.00 MiB/s, 最高分辨率: —, 平均帧率: 未知, 视频编解码器: 未知, 音频编解码器: 未知
分类: 轮播剧场, 名称: 鬼吹灯之龙岭迷窟, 总数: 4, 有效率: 25.00%, 有效: 1, IPv4: 4, IPv6: 0, 最小延迟: 1290 ms, 最高速率: 0.54 MiB/s, 平均速率: 0.54 MiB/s, 最高分辨率: —, 平均帧率: 未知, 视频编解码器: 未知, 音频编解码器: 未知
分类: 轮播剧场, 名称: 鬼吹灯之精绝古城, 总数: 3, 有效率: 33.33%, 有效: 1, IPv4: 3, IPv6: 0, 最小延迟: 1097 ms, 最高速率: 0.66 MiB/s, 平均速率: 0.66 MiB/s, 最高分辨率: —, 平均帧率: 未知, 视频编解码器: 未知, 音频编解码器: 未知
分类: 轮播剧场, 名称: 鬼吹灯之云南虫谷, 总数: 3, 有效率: 0.00%, 有效: 0, IPv4: 3, IPv6: 0, 最小延迟: 2022 ms, 最高速率: 0.00 MiB/s, 平均速率: 0.00 MiB/s, 最高分辨率: —, 平均帧率: 未知, 视频编解码器: 未知, 音频编解码器: 未知
分类: 轮播剧场, 名称: 楚汉骄雄, 总数: 5, 有效率: 0.00%, 有效: 0, IPv4: 5, IPv6: 0, 最小延迟: 795 ms, 最高速率: 0.11 MiB/s, 平均速率: 0.00 MiB/s, 最高分辨率: —, 平均帧率: 未知, 视频编解码器: 未知, 音频编解码器: 未知
分类: 轮播剧场, 名称: 西游记2, 总数: 3, 有效率: 0.00%, 有效: 0, IPv4: 3, IPv6: 0, 最小延迟: 1495 ms, 最高速率: 0.02 MiB/s, 平均速率: 0.00 MiB/s, 最高分辨率: —, 平均帧率: 未知, 视频编解码器: 未知, 音频编解码器: 未知
分类: 轮播剧场, 名称: 天龙八部, 总数: 21, 有效率: 0.00%, 有效: 0, IPv4: 21, IPv6: 0, 最小延迟: 665 ms, 最高速率: 0.08 MiB/s, 平均速率: 0.00 MiB/s, 最高分辨率: —, 平均帧率: 未知, 视频编解码器: 未知, 音频编解码器: 未知
分类: 轮播剧场, 名称: 大唐双龙传, 总数: 4, 有效率: 0.00%, 有效: 0, IPv4: 4, IPv6: 0, 最小延迟: — ms, 最高速率: 0.00 MiB/s, 平均速率: 0.00 MiB/s, 最高分辨率: —, 平均帧率: 未知, 视频编解码器: 未知, 音频编解码器: 未知
分类: 轮播剧场, 名称: 射雕英雄传, 总数: 68, 有效率: 0.00%, 有效: 0, IPv4: 68, IPv6: 0, 最小延迟: 1388 ms, 最高速率: 0.15 MiB/s, 平均速率: 0.00 MiB/s, 最高分辨率: —, 平均帧率: 未知, 视频编解码器: 未知, 音频编解码器: 未知
分类: 轮播剧场, 名称: 西游记1, 总数: 1, 有效率: 0.00%, 有效: 0, IPv4: 1, IPv6: 0, 最小延迟: — ms, 最高速率: 0.00 MiB/s, 平均速率: 0.00 MiB/s, 最高分辨率: —, 平均帧率: 未知, 视频编解码器: 未知, 音频编解码器: 未知
分类: 轮播剧场, 名称: 刑事侦缉档案, 总数: 7, 有效率: 0.00%, 有效: 0, IPv4: 7, IPv6: 0, 最小延迟: — ms, 最高速率: 0.00 MiB/s, 平均速率: 0.00 MiB/s, 最高分辨率: —, 平均帧率: 未知, 视频编解码器: 未知, 音频编解码器: 未知
分类: 轮播剧场, 名称: 法政先锋, 总数: 6, 有效率: 16.67%, 有效: 1, IPv4: 6, IPv6: 0, 最小延迟: 700 ms, 最高速率: 0.39 MiB/s, 平均速率: 0.39 MiB/s, 最高分辨率: 1280x720, 平均帧率: 25.0, 视频编解码器: h264, 音频编解码器: aac
分类: 轮播剧场, 名称: 陀枪师姐, 总数: 7, 有效率: 0.00%, 有效: 0, IPv4: 7, IPv6: 0, 最小延迟: — ms, 最高速率: 0.00 MiB/s, 平均速率: 0.00 MiB/s, 最高分辨率: —, 平均帧率: 未知, 视频编解码器: 未知, 音频编解码器: 未知
分类: 轮播剧场, 名称: 使徒行者, 总数: 4, 有效率: 0.00%, 有效: 0, IPv4: 4, IPv6: 0, 最小延迟: — ms, 最高速率: 0.00 MiB/s, 平均速率: 0.00 MiB/s, 最高分辨率: —, 平均帧率: 未知, 视频编解码器: 未知, 音频编解码器: 未知
分类: 轮播剧场, 名称: 扫黄先锋, 总数: 7, 有效率: 28.57%, 有效: 2, IPv4: 7, IPv6: 0, 最小延迟: 832 ms, 最高速率: 0.79 MiB/s, 平均速率: 0.77 MiB/s, 最高分辨率: —, 平均帧率: 未知, 视频编解码器: 未知, 音频编解码器: 未知
分类: 轮播剧场, 名称: 妙手仁心, 总数: 9, 有效率: 0.00%, 有效: 0, IPv4: 9, IPv6: 0, 最小延迟: — ms, 最高速率: 0.00 MiB/s, 平均速率: 0.00 MiB/s, 最高分辨率: —, 平均帧率: 未知, 视频编解码器: 未知, 音频编解码器: 未知
分类: 轮播剧场, 名称: 家有儿女, 总数: 6, 有效率: 16.67%, 有效: 1, IPv4: 6, IPv6: 0, 最小延迟: 851 ms, 最高速率: 0.42 MiB/s, 平均速率: 0.42 MiB/s, 最高分辨率: —, 平均帧率: 未知, 视频编解码器: 未知, 音频编解码器: 未知
分类: 轮播剧场, 名称: 笑看风云, 总数: 7, 有效率: 14.29%, 有效: 1, IPv4: 7, IPv6: 0, 最小延迟: 1958 ms, 最高速率: 1.02 MiB/s, 平均速率: 1.02 MiB/s, 最高分辨率: —, 平均帧率: 未知, 视频编解码器: 未知, 音频编解码器: 未知
分类: 轮播剧场, 名称: 梦中的那片海, 总数: 4, 有效率: 0.00%, 有效: 0, IPv4: 4, IPv6: 0, 最小延迟: 2254 ms, 最高速率: 0.17 MiB/s, 平均速率: 0.00 MiB/s, 最高分辨率: —, 平均帧率: 未知, 视频编解码器: 未知, 音频编解码器: 未知
分类: 轮播剧场, 名称: 沈腾电影, 总数: 4, 有效率: 25.00%, 有效: 1, IPv4: 4, IPv6: 0, 最小延迟: 1715 ms, 最高速率: 0.70 MiB/s, 平均速率: 0.70 MiB/s, 最高分辨率: —, 平均帧率: 未知, 视频编解码器: 未知, 音频编解码器: 未知
分类: 轮播剧场, 名称: 黄渤电影, 总数: 3, 有效率: 33.33%, 有效: 1, IPv4: 3, IPv6: 0, 最小延迟: 2310 ms, 最高速率: 0.46 MiB/s, 平均速率: 0.46 MiB/s, 最高分辨率: —, 平均帧率: 未知, 视频编解码器: 未知, 音频编解码器: 未知
分类: 轮播剧场, 名称: 野蛮亲家, 总数: 2, 有效率: 0.00%, 有效: 0, IPv4: 2, IPv6: 0, 最小延迟: — ms, 最高速率: 0.00 MiB/s, 平均速率: 0.00 MiB/s, 最高分辨率: —, 平均帧率: 未知, 视频编解码器: 未知, 音频编解码器: 未知
分类: 轮播剧场, 名称: 举起手来-惊险抗日, 总数: 2, 有效率: 0.00%, 有效: 0, IPv4: 2, IPv6: 0, 最小延迟: 1493 ms, 最高速率: 0.05 MiB/s, 平均速率: 0.00 MiB/s, 最高分辨率: —, 平均帧率: 未知, 视频编解码器: 未知, 音频编解码器: 未知
分类: 轮播剧场, 名称: 地下交通站, 总数: 4, 有效率: 0.00%, 有效: 0, IPv4: 4, IPv6: 0, 最小延迟: — ms, 最高速率: 0.00 MiB/s, 平均速率: 0.00 MiB/s, 最高分辨率: —, 平均帧率: 未知, 视频编解码器: 未知, 音频编解码器: 未知
分类: 轮播剧场, 名称: 乌龙闯情关, 总数: 2, 有效率: 0.00%, 有效: 0, IPv4: 2, IPv6: 0, 最小延迟: — ms, 最高速率: 0.00 MiB/s, 平均速率: 0.00 MiB/s, 最高分辨率: —, 平均帧率: 未知, 视频编解码器: 未知, 音频编解码器: 未知
分类: 轮播剧场, 名称: 超精彩武打场景, 总数: 2, 有效率: 0.00%, 有效: 0, IPv4: 2, IPv6: 0, 最小延迟: 1021 ms, 最高速率: 0.07 MiB/s, 平均速率: 0.00 MiB/s, 最高分辨率: —, 平均帧率: 未知, 视频编解码器: 未知, 音频编解码器: 未知
分类: 轮播剧场, 名称: 正阳门下, 总数: 6, 有效率: 0.00%, 有效: 0, IPv4: 6, IPv6: 0, 最小延迟: 1637 ms, 最高速率: 0.05 MiB/s, 平均速率: 0.00 MiB/s, 最高分辨率: —, 平均帧率: 未知, 视频编解码器: 未知, 音频编解码器: 未知
分类: 轮播剧场, 名称: 狄仁杰系列, 总数: 2, 有效率: 0.00%, 有效: 0, IPv4: 2, IPv6: 0, 最小延迟: 1940 ms, 最高速率: 0.00 MiB/s, 平均速率: 0.00 MiB/s, 最高分辨率: —, 平均帧率: 未知, 视频编解码器: 未知, 音频编解码器: 未知
分类: 轮播剧场, 名称: 唐诡之西行, 总数: 2, 有效率: 0.00%, 有效: 0, IPv4: 2, IPv6: 0, 最小延迟: — ms, 最高速率: 0.00 MiB/s, 平均速率: 0.00 MiB/s, 最高分辨率: —, 平均帧率: 未知, 视频编解码器: 未知, 音频编解码器: 未知
分类: 轮播剧场, 名称: 古天乐电影, 总数: 2, 有效率: 0.00%, 有效: 0, IPv4: 2, IPv6: 0, 最小延迟: 2578 ms, 最高速率: 0.00 MiB/s, 平均速率: 0.00 MiB/s, 最高分辨率: —, 平均帧率: 未知, 视频编解码器: 未知, 音频编解码器: 未知
分类: 轮播剧场, 名称: 鹿鼎记-周星驰版, 总数: 3, 有效率: 0.00%, 有效: 0, IPv4: 3, IPv6: 0, 最小延迟: — ms, 最高速率: 0.00 MiB/s, 平均速率: 0.00 MiB/s, 最高分辨率: —, 平均帧率: 未知, 视频编解码器: 未知, 音频编解码器: 未知
分类: 轮播剧场, 名称: 甄子丹电影, 总数: 2, 有效率: 0.00%, 有效: 0, IPv4: 2, IPv6: 0, 最小延迟: 2852 ms, 最高速率: 0.00 MiB/s, 平均速率: 0.00 MiB/s, 最高分辨率: —, 平均帧率: 未知, 视频编解码器: 未知, 音频编解码器: 未知
分类: 轮播剧场, 名称: 终结者2：审判日, 总数: 2, 有效率: 0.00%, 有效: 0, IPv4: 2, IPv6: 0, 最小延迟: 2568 ms, 最高速率: 0.06 MiB/s, 平均速率: 0.00 MiB/s, 最高分辨率: —, 平均帧率: 未知, 视频编解码器: 未知, 音频编解码器: 未知
分类: 轮播剧场, 名称: 金枝欲孽, 总数: 3, 有效率: 33.33%, 有效: 1, IPv4: 3, IPv6: 0, 最小延迟: 1604 ms, 最高速率: 0.24 MiB/s, 平均速率: 0.24 MiB/s, 最高分辨率: 1280x720, 平均帧率: 25.0, 视频编解码器: h264, 音频编解码器: aac
分类: 轮播剧场, 名称: 神探狄仁杰2, 总数: 5, 有效率: 0.00%, 有效: 0, IPv4: 5, IPv6: 0, 最小延迟: 620 ms, 最高速率: 0.02 MiB/s, 平均速率: 0.00 MiB/s, 最高分辨率: —, 平均帧率: 未知, 视频编解码器: 未知, 音频编解码器: 未知
分类: 轮播剧场, 名称: 宰相刘罗锅, 总数: 11, 有效率: 0.00%, 有效: 0, IPv4: 11, IPv6: 0, 最小延迟: 5761 ms, 最高速率: 0.02 MiB/s, 平均速率: 0.00 MiB/s, 最高分辨率: —, 平均帧率: 未知, 视频编解码器: 未知, 音频编解码器: 未知
分类: 轮播剧场, 名称: papi酱主演, 总数: 2, 有效率: 0.00%, 有效: 0, IPv4: 2, IPv6: 0, 最小延迟: 4262 ms, 最高速率: 0.05 MiB/s, 平均速率: 0.00 MiB/s, 最高分辨率: —, 平均帧率: 未知, 视频编解码器: 未知, 音频编解码器: 未知
分类: 轮播剧场, 名称: 鉴证实录, 总数: 1, 有效率: 0.00%, 有效: 0, IPv4: 1, IPv6: 0, 最小延迟: — ms, 最高速率: 0.00 MiB/s, 平均速率: 0.00 MiB/s, 最高分辨率: —, 平均帧率: 未知, 视频编解码器: 未知, 音频编解码器: 未知
分类: 轮播剧场, 名称: 欢乐集结号-每天笑不停, 总数: 3, 有效率: 0.00%, 有效: 0, IPv4: 3, IPv6: 0, 最小延迟: — ms, 最高速率: 0.00 MiB/s, 平均速率: 0.00 MiB/s, 最高分辨率: —, 平均帧率: 未知, 视频编解码器: 未知, 音频编解码器: 未知
分类: 轮播剧场, 名称: 宫心计-港剧-古装, 总数: 5, 有效率: 0.00%, 有效: 0, IPv4: 5, IPv6: 0, 最小延迟: 6462 ms, 最高速率: 0.02 MiB/s, 平均速率: 0.00 MiB/s, 最高分辨率: —, 平均帧率: 未知, 视频编解码器: 未知, 音频编解码器: 未知
分类: 轮播剧场, 名称: 华子系列, 总数: 3, 有效率: 0.00%, 有效: 0, IPv4: 3, IPv6: 0, 最小延迟: 7222 ms, 最高速率: 0.02 MiB/s, 平均速率: 0.00 MiB/s, 最高分辨率: —, 平均帧率: 未知, 视频编解码器: 未知, 音频编解码器: 未知
分类: 轮播剧场, 名称: 无双花木兰, 总数: 2, 有效率: 0.00%, 有效: 0, IPv4: 2, IPv6: 0, 最小延迟: 4767 ms, 最高速率: 0.03 MiB/s, 平均速率: 0.00 MiB/s, 最高分辨率: —, 平均帧率: 未知, 视频编解码器: 未知, 音频编解码器: 未知
分类: 轮播剧场, 名称: 你最爱的宋小宝, 总数: 13, 有效率: 0.00%, 有效: 0, IPv4: 13, IPv6: 0, 最小延迟: 675 ms, 最高速率: 0.03 MiB/s, 平均速率: 0.00 MiB/s, 最高分辨率: —, 平均帧率: 未知, 视频编解码器: 未知, 音频编解码器: 未知
分类: 轮播剧场, 名称: 喜羊羊与灰太狼, 总数: 1, 有效率: 0.00%, 有效: 0, IPv4: 1, IPv6: 0, 最小延迟: — ms, 最高速率: 0.00 MiB/s, 平均速率: 0.00 MiB/s, 最高分辨率: —, 平均帧率: 未知, 视频编解码器: 未知, 音频编解码器: 未知
分类: 轮播剧场, 名称: 神探狄仁杰1, 总数: 6, 有效率: 0.00%, 有效: 0, IPv4: 6, IPv6: 0, 最小延迟: 2321 ms, 最高速率: 0.02 MiB/s, 平均速率: 0.00 MiB/s, 最高分辨率: —, 平均帧率: 未知, 视频编解码器: 未知, 音频编解码器: 未知
分类: 轮播剧场, 名称: 刘德华电影, 总数: 1, 有效率: 0.00%, 有效: 0, IPv4: 1, IPv6: 0, 最小延迟: — ms, 最高速率: 0.00 MiB/s, 平均速率: 0.00 MiB/s, 最高分辨率: —, 平均帧率: 未知, 视频编解码器: 未知, 音频编解码器: 未知
分类: 轮播剧场, 名称: 李连杰电影, 总数: 1, 有效率: 0.00%, 有效: 0, IPv4: 1, IPv6: 0, 最小延迟: — ms, 最高速率: 0.00 MiB/s, 平均速率: 0.00 MiB/s, 最高分辨率: —, 平均帧率: 未知, 视频编解码器: 未知, 音频编解码器: 未知
分类: 轮播剧场, 名称: 震撼！国内功夫大片, 总数: 2, 有效率: 0.00%, 有效: 0, IPv4: 2, IPv6: 0, 最小延迟: 4564 ms, 最高速率: 0.02 MiB/s, 平均速率: 0.00 MiB/s, 最高分辨率: —, 平均帧率: 未知, 视频编解码器: 未知, 音频编解码器: 未知
分类: 轮播剧场, 名称: 王牌保镖在此, 总数: 2, 有效率: 0.00%, 有效: 0, IPv4: 2, IPv6: 0, 最小延迟: — ms, 最高速率: 0.00 MiB/s, 平均速率: 0.00 MiB/s, 最高分辨率: —, 平均帧率: 未知, 视频编解码器: 未知, 音频编解码器: 未知
分类: 轮播剧场, 名称: 绝对让你笑翻天, 总数: 1, 有效率: 0.00%, 有效: 0, IPv4: 1, IPv6: 0, 最小延迟: — ms, 最高速率: 0.00 MiB/s, 平均速率: 0.00 MiB/s, 最高分辨率: —, 平均帧率: 未知, 视频编解码器: 未知, 音频编解码器: 未知
分类: 轮播剧场, 名称: YY用户, 总数: 56, 有效率: 0.00%, 有效: 0, IPv4: 56, IPv6: 0, 最小延迟: 2676 ms, 最高速率: 0.08 MiB/s, 平均速率: 0.00 MiB/s, 最高分辨率: —, 平均帧率: 未知, 视频编解码器: 未知, 音频编解码器: 未知
分类: 轮播剧场, 名称: 这部剧你居然没看过, 总数: 2, 有效率: 0.00%, 有效: 0, IPv4: 2, IPv6: 0, 最小延迟: 6527 ms, 最高速率: 0.02 MiB/s, 平均速率: 0.00 MiB/s, 最高分辨率: —, 平均帧率: 未知, 视频编解码器: 未知, 音频编解码器: 未知
分类: 轮播剧场, 名称: 丸子, 总数: 1, 有效率: 0.00%, 有效: 0, IPv4: 1, IPv6: 0, 最小延迟: — ms, 最高速率: 0.00 MiB/s, 平均速率: 0.00 MiB/s, 最高分辨率: —, 平均帧率: 未知, 视频编解码器: 未知, 音频编解码器: 未知
分类: 轮播剧场, 名称: 经典大片合集, 总数: 2, 有效率: 0.00%, 有效: 0, IPv4: 2, IPv6: 0, 最小延迟: — ms, 最高速率: 0.00 MiB/s, 平均速率: 0.00 MiB/s, 最高分辨率: —, 平均帧率: 未知, 视频编解码器: 未知, 音频编解码器: 未知
分类: 轮播剧场, 名称: 成龙系列, 总数: 3, 有效率: 0.00%, 有效: 0, IPv4: 3, IPv6: 0, 最小延迟: — ms, 最高速率: 0.00 MiB/s, 平均速率: 0.00 MiB/s, 最高分辨率: —, 平均帧率: 未知, 视频编解码器: 未知, 音频编解码器: 未知
分类: 轮播剧场, 名称: 双月之城-国漫, 总数: 3, 有效率: 0.00%, 有效: 0, IPv4: 3, IPv6: 0, 最小延迟: — ms, 最高速率: 0.00 MiB/s, 平均速率: 0.00 MiB/s, 最高分辨率: —, 平均帧率: 未知, 视频编解码器: 未知, 音频编解码器: 未知
分类: 轮播剧场, 名称: 国内玄幻电影-林正英, 总数: 34, 有效率: 8.82%, 有效: 3, IPv4: 34, IPv6: 0, 最小延迟: 47 ms, 最高速率: 7.50 MiB/s, 平均速率: 3.51 MiB/s, 最高分辨率: 1280x720, 平均帧率: 32.0, 视频编解码器: h264, 音频编解码器: aac
分类: 轮播剧场, 名称: 变形金刚, 总数: 4, 有效率: 0.00%, 有效: 0, IPv4: 4, IPv6: 0, 最小延迟: — ms, 最高速率: 0.00 MiB/s, 平均速率: 0.00 MiB/s, 最高分辨率: —, 平均帧率: 未知, 视频编解码器: 未知, 音频编解码器: 未知
分类: 轮播剧场, 名称: 法证先锋, 总数: 5, 有效率: 0.00%, 有效: 0, IPv4: 5, IPv6: 0, 最小延迟: — ms, 最高速率: 0.00 MiB/s, 平均速率: 0.00 MiB/s, 最高分辨率: —, 平均帧率: 未知, 视频编解码器: 未知, 音频编解码器: 未知
分类: 轮播剧场, 名称: 天道-9.2高分好剧, 总数: 5, 有效率: 0.00%, 有效: 0, IPv4: 5, IPv6: 0, 最小延迟: 362 ms, 最高速率: 0.00 MiB/s, 平均速率: 0.00 MiB/s, 最高分辨率: —, 平均帧率: 未知, 视频编解码器: 未知, 音频编解码器: 未知
分类: 轮播剧场, 名称: 欢乐颂, 总数: 6, 有效率: 0.00%, 有效: 0, IPv4: 6, IPv6: 0, 最小延迟: 7079 ms, 最高速率: 0.02 MiB/s, 平均速率: 0.00 MiB/s, 最高分辨率: —, 平均帧率: 未知, 视频编解码器: 未知, 音频编解码器: 未知
分类: 轮播剧场, 名称: 恋歌, 总数: 3, 有效率: 0.00%, 有效: 0, IPv4: 3, IPv6: 0, 最小延迟: — ms, 最高速率: 0.00 MiB/s, 平均速率: 0.00 MiB/s, 最高分辨率: —, 平均帧率: 未知, 视频编解码器: 未知, 音频编解码器: 未知
分类: 轮播剧场, 名称: 读心神探, 总数: 4, 有效率: 0.00%, 有效: 0, IPv4: 4, IPv6: 0, 最小延迟: — ms, 最高速率: 0.00 MiB/s, 平均速率: 0.00 MiB/s, 最高分辨率: —, 平均帧率: 未知, 视频编解码器: 未知, 音频编解码器: 未知
分类: 轮播剧场, 名称: 欢乐集结号, 总数: 7, 有效率: 0.00%, 有效: 0, IPv4: 7, IPv6: 0, 最小延迟: — ms, 最高速率: 0.00 MiB/s, 平均速率: 0.00 MiB/s, 最高分辨率: —, 平均帧率: 未知, 视频编解码器: 未知, 音频编解码器: 未知
分类: 轮播剧场, 名称: 父母爱情, 总数: 6, 有效率: 0.00%, 有效: 0, IPv4: 6, IPv6: 0, 最小延迟: — ms, 最高速率: 0.00 MiB/s, 平均速率: 0.00 MiB/s, 最高分辨率: —, 平均帧率: 未知, 视频编解码器: 未知, 音频编解码器: 未知
分类: 轮播剧场, 名称: 爆笑小品大合集, 总数: 2, 有效率: 0.00%, 有效: 0, IPv4: 2, IPv6: 0, 最小延迟: 2652 ms, 最高速率: 0.03 MiB/s, 平均速率: 0.00 MiB/s, 最高分辨率: —, 平均帧率: 未知, 视频编解码器: 未知, 音频编解码器: 未知
分类: 轮播剧场, 名称: 张国荣与周润发的兄弟情, 总数: 4, 有效率: 25.00%, 有效: 1, IPv4: 4, IPv6: 0, 最小延迟: 36 ms, 最高速率: 40.16 MiB/s, 平均速率: 40.16 MiB/s, 最高分辨率: 1280x720, 平均帧率: 29.96, 视频编解码器: h264, 音频编解码器: aac
分类: 轮播剧场, 名称: 伪装者, 总数: 10, 有效率: 0.00%, 有效: 0, IPv4: 10, IPv6: 0, 最小延迟: — ms, 最高速率: 0.00 MiB/s, 平均速率: 0.00 MiB/s, 最高分辨率: —, 平均帧率: 未知, 视频编解码器: 未知, 音频编解码器: 未知
分类: 轮播剧场, 名称: 国内喜剧, 总数: 5, 有效率: 0.00%, 有效: 0, IPv4: 5, IPv6: 0, 最小延迟: 1257 ms, 最高速率: 0.00 MiB/s, 平均速率: 0.00 MiB/s, 最高分辨率: —, 平均帧率: 未知, 视频编解码器: 未知, 音频编解码器: 未知
分类: 轮播剧场, 名称: 妖神记, 总数: 3, 有效率: 0.00%, 有效: 0, IPv4: 3, IPv6: 0, 最小延迟: — ms, 最高速率: 0.00 MiB/s, 平均速率: 0.00 MiB/s, 最高分辨率: —, 平均帧率: 未知, 视频编解码器: 未知, 音频编解码器: 未知
分类: 轮播剧场, 名称: 杭小妞, 总数: 1, 有效率: 0.00%, 有效: 0, IPv4: 1, IPv6: 0, 最小延迟: — ms, 最高速率: 0.00 MiB/s, 平均速率: 0.00 MiB/s, 最高分辨率: —, 平均帧率: 未知, 视频编解码器: 未知, 音频编解码器: 未知
分类: 轮播剧场, 名称: 智取威虎山, 总数: 2, 有效率: 0.00%, 有效: 0, IPv4: 2, IPv6: 0, 最小延迟: — ms, 最高速率: 0.00 MiB/s, 平均速率: 0.00 MiB/s, 最高分辨率: —, 平均帧率: 未知, 视频编解码器: 未知, 音频编解码器: 未知
分类: 轮播剧场, 名称: 风筝, 总数: 7, 有效率: 0.00%, 有效: 0, IPv4: 7, IPv6: 0, 最小延迟: — ms, 最高速率: 0.00 MiB/s, 平均速率: 0.00 MiB/s, 最高分辨率: —, 平均帧率: 未知, 视频编解码器: 未知, 音频编解码器: 未知
分类: 轮播剧场, 名称: 精武英雄-李连杰经典, 总数: 3, 有效率: 0.00%, 有效: 0, IPv4: 3, IPv6: 0, 最小延迟: 1358 ms, 最高速率: 0.00 MiB/s, 平均速率: 0.00 MiB/s, 最高分辨率: —, 平均帧率: 未知, 视频编解码器: 未知, 音频编解码器: 未知
分类: 轮播剧场, 名称: 国内动作大片, 总数: 3, 有效率: 0.00%, 有效: 0, IPv4: 3, IPv6: 0, 最小延迟: 6907 ms, 最高速率: 0.01 MiB/s, 平均速率: 0.00 MiB/s, 最高分辨率: —, 平均帧率: 未知, 视频编解码器: 未知, 音频编解码器: 未知
分类: 轮播剧场, 名称: 香港院线大片-最新, 总数: 2, 有效率: 0.00%, 有效: 0, IPv4: 2, IPv6: 0, 最小延迟: 8164 ms, 最高速率: 0.01 MiB/s, 平均速率: 0.00 MiB/s, 最高分辨率: —, 平均帧率: 未知, 视频编解码器: 未知, 音频编解码器: 未知
分类: 轮播剧场, 名称: 速度与激情系列-精彩大片, 总数: 2, 有效率: 0.00%, 有效: 0, IPv4: 2, IPv6: 0, 最小延迟: 8447 ms, 最高速率: 0.01 MiB/s, 平均速率: 0.00 MiB/s, 最高分辨率: —, 平均帧率: 未知, 视频编解码器: 未知, 音频编解码器: 未知
分类: 轮播剧场, 名称: 开心小泡芙, 总数: 1, 有效率: 0.00%, 有效: 0, IPv4: 1, IPv6: 0, 最小延迟: — ms, 最高速率: 0.00 MiB/s, 平均速率: 0.00 MiB/s, 最高分辨率: —, 平均帧率: 未知, 视频编解码器: 未知, 音频编解码器: 未知
分类: 轮播剧场, 名称: 欢乐集结号3, 总数: 3, 有效率: 0.00%, 有效: 0, IPv4: 3, IPv6: 0, 最小延迟: — ms, 最高速率: 0.00 MiB/s, 平均速率: 0.00 MiB/s, 最高分辨率: —, 平均帧率: 未知, 视频编解码器: 未知, 音频编解码器: 未知
分类: 轮播剧场, 名称: 你是最美的风景, 总数: 1, 有效率: 0.00%, 有效: 0, IPv4: 1, IPv6: 0, 最小延迟: — ms, 最高速率: 0.00 MiB/s, 平均速率: 0.00 MiB/s, 最高分辨率: —, 平均帧率: 未知, 视频编解码器: 未知, 音频编解码器: 未知
分类: 轮播剧场, 名称: 叶问全集, 总数: 1, 有效率: 0.00%, 有效: 0, IPv4: 1, IPv6: 0, 最小延迟: — ms, 最高速率: 0.00 MiB/s, 平均速率: 0.00 MiB/s, 最高分辨率: —, 平均帧率: 未知, 视频编解码器: 未知, 音频编解码器: 未知
分类: 轮播剧场, 名称: 漫威十年老粉福利, 总数: 17, 有效率: 5.88%, 有效: 1, IPv4: 17, IPv6: 0, 最小延迟: 328 ms, 最高速率: 1.20 MiB/s, 平均速率: 1.20 MiB/s, 最高分辨率: —, 平均帧率: 未知, 视频编解码器: 未知, 音频编解码器: 未知
分类: 轮播剧场, 名称: 大家都在看的电视剧, 总数: 2, 有效率: 0.00%, 有效: 0, IPv4: 2, IPv6: 0, 最小延迟: — ms, 最高速率: 0.00 MiB/s, 平均速率: 0.00 MiB/s, 最高分辨率: —, 平均帧率: 未知, 视频编解码器: 未知, 音频编解码器: 未知
分类: 轮播剧场, 名称: 炊事班的故事, 总数: 11, 有效率: 0.00%, 有效: 0, IPv4: 11, IPv6: 0, 最小延迟: — ms, 最高速率: 0.00 MiB/s, 平均速率: 0.00 MiB/s, 最高分辨率: —, 平均帧率: 未知, 视频编解码器: 未知, 音频编解码器: 未知
分类: 轮播剧场, 名称: 速度与激情全集, 总数: 2, 有效率: 0.00%, 有效: 0, IPv4: 2, IPv6: 0, 最小延迟: 8772 ms, 最高速率: 0.01 MiB/s, 平均速率: 0.00 MiB/s, 最高分辨率: —, 平均帧率: 未知, 视频编解码器: 未知, 音频编解码器: 未知
分类: 轮播剧场, 名称: 大汉贤后卫子夫, 总数: 3, 有效率: 0.00%, 有效: 0, IPv4: 3, IPv6: 0, 最小延迟: — ms, 最高速率: 0.00 MiB/s, 平均速率: 0.00 MiB/s, 最高分辨率: —, 平均帧率: 未知, 视频编解码器: 未知, 音频编解码器: 未知
分类: 轮播剧场, 名称: 我的前半生, 总数: 5, 有效率: 0.00%, 有效: 0, IPv4: 5, IPv6: 0, 最小延迟: — ms, 最高速率: 0.00 MiB/s, 平均速率: 0.00 MiB/s, 最高分辨率: —, 平均帧率: 未知, 视频编解码器: 未知, 音频编解码器: 未知
分类: 轮播剧场, 名称: 小惠_郭德纲相声迷, 总数: 1, 有效率: 0.00%, 有效: 0, IPv4: 1, IPv6: 0, 最小延迟: — ms, 最高速率: 0.00 MiB/s, 平均速率: 0.00 MiB/s, 最高分辨率: —, 平均帧率: 未知, 视频编解码器: 未知, 音频编解码器: 未知
分类: 轮播剧场, 名称: 纯纯纯儿, 总数: 1, 有效率: 0.00%, 有效: 0, IPv4: 1, IPv6: 0, 最小延迟: — ms, 最高速率: 0.00 MiB/s, 平均速率: 0.00 MiB/s, 最高分辨率: —, 平均帧率: 未知, 视频编解码器: 未知, 音频编解码器: 未知
分类: 轮播剧场, 名称: 仙剑奇侠传, 总数: 6, 有效率: 0.00%, 有效: 0, IPv4: 6, IPv6: 0, 最小延迟: — ms, 最高速率: 0.00 MiB/s, 平均速率: 0.00 MiB/s, 最高分辨率: —, 平均帧率: 未知, 视频编解码器: 未知, 音频编解码器: 未知
分类: 轮播剧场, 名称: 夏洛特烦恼, 总数: 2, 有效率: 0.00%, 有效: 0, IPv4: 2, IPv6: 0, 最小延迟: — ms, 最高速率: 0.00 MiB/s, 平均速率: 0.00 MiB/s, 最高分辨率: —, 平均帧率: 未知, 视频编解码器: 未知, 音频编解码器: 未知
分类: 轮播剧场, 名称: 宫锁珠帘, 总数: 2, 有效率: 0.00%, 有效: 0, IPv4: 2, IPv6: 0, 最小延迟: — ms, 最高速率: 0.00 MiB/s, 平均速率: 0.00 MiB/s, 最高分辨率: —, 平均帧率: 未知, 视频编解码器: 未知, 音频编解码器: 未知
分类: 轮播剧场, 名称: 老广的味道-美食之旅, 总数: 2, 有效率: 0.00%, 有效: 0, IPv4: 2, IPv6: 0, 最小延迟: — ms, 最高速率: 0.00 MiB/s, 平均速率: 0.00 MiB/s, 最高分辨率: —, 平均帧率: 未知, 视频编解码器: 未知, 音频编解码器: 未知
分类: 轮播剧场, 名称: 甜甜的恋爱, 总数: 2, 有效率: 0.00%, 有效: 0, IPv4: 2, IPv6: 0, 最小延迟: — ms, 最高速率: 0.00 MiB/s, 平均速率: 0.00 MiB/s, 最高分辨率: —, 平均帧率: 未知, 视频编解码器: 未知, 音频编解码器: 未知
分类: 轮播剧场, 名称: 院线动作大片, 总数: 2, 有效率: 0.00%, 有效: 0, IPv4: 2, IPv6: 0, 最小延迟: 6539 ms, 最高速率: 0.02 MiB/s, 平均速率: 0.00 MiB/s, 最高分辨率: —, 平均帧率: 未知, 视频编解码器: 未知, 音频编解码器: 未知
分类: 轮播剧场, 名称: 妖神记-全集, 总数: 2, 有效率: 0.00%, 有效: 0, IPv4: 2, IPv6: 0, 最小延迟: — ms, 最高速率: 0.00 MiB/s, 平均速率: 0.00 MiB/s, 最高分辨率: —, 平均帧率: 未知, 视频编解码器: 未知, 音频编解码器: 未知
分类: 轮播剧场, 名称: 熊出没之探险日记, 总数: 9, 有效率: 0.00%, 有效: 0, IPv4: 9, IPv6: 0, 最小延迟: 210 ms, 最高速率: 0.27 MiB/s, 平均速率: 0.00 MiB/s, 最高分辨率: 1920x804, 平均帧率: 25.0, 视频编解码器: h264, 音频编解码器: aac
分类: 轮播剧场, 名称: 非常保镖-经典港剧, 总数: 2, 有效率: 0.00%, 有效: 0, IPv4: 2, IPv6: 0, 最小延迟: 7086 ms, 最高速率: 0.02 MiB/s, 平均速率: 0.00 MiB/s, 最高分辨率: —, 平均帧率: 未知, 视频编解码器: 未知, 音频编解码器: 未知
分类: 轮播剧场, 名称: 笑傲帮, 总数: 3, 有效率: 0.00%, 有效: 0, IPv4: 3, IPv6: 0, 最小延迟: 6035 ms, 最高速率: 0.02 MiB/s, 平均速率: 0.00 MiB/s, 最高分辨率: —, 平均帧率: 未知, 视频编解码器: 未知, 音频编解码器: 未知
分类: 轮播剧场, 名称: 欢乐一起看, 总数: 2, 有效率: 0.00%, 有效: 0, IPv4: 2, IPv6: 0, 最小延迟: 1224 ms, 最高速率: 0.00 MiB/s, 平均速率: 0.00 MiB/s, 最高分辨率: —, 平均帧率: 未知, 视频编解码器: 未知, 音频编解码器: 未知
分类: 轮播剧场, 名称: 巩汉林春晚小品, 总数: 8, 有效率: 0.00%, 有效: 0, IPv4: 8, IPv6: 0, 最小延迟: 902 ms, 最高速率: 0.02 MiB/s, 平均速率: 0.00 MiB/s, 最高分辨率: —, 平均帧率: 未知, 视频编解码器: 未知, 音频编解码器: 未知
分类: 轮播剧场, 名称: 电影百团大战, 总数: 2, 有效率: 0.00%, 有效: 0, IPv4: 2, IPv6: 0, 最小延迟: 4621 ms, 最高速率: 0.06 MiB/s, 平均速率: 0.00 MiB/s, 最高分辨率: —, 平均帧率: 未知, 视频编解码器: 未知, 音频编解码器: 未知
分类: 轮播剧场, 名称: 最美的青春, 总数: 4, 有效率: 0.00%, 有效: 0, IPv4: 4, IPv6: 0, 最小延迟: 4922 ms, 最高速率: 0.03 MiB/s, 平均速率: 0.00 MiB/s, 最高分辨率: —, 平均帧率: 未知, 视频编解码器: 未知, 音频编解码器: 未知
分类: 轮播剧场, 名称: 小鬼当家-童年回忆, 总数: 3, 有效率: 0.00%, 有效: 0, IPv4: 3, IPv6: 0, 最小延迟: 7927 ms, 最高速率: 0.01 MiB/s, 平均速率: 0.00 MiB/s, 最高分辨率: —, 平均帧率: 未知, 视频编解码器: 未知, 音频编解码器: 未知
分类: 轮播剧场, 名称: 叛逆者, 总数: 4, 有效率: 0.00%, 有效: 0, IPv4: 4, IPv6: 0, 最小延迟: — ms, 最高速率: 0.00 MiB/s, 平均速率: 0.00 MiB/s, 最高分辨率: —, 平均帧率: 未知, 视频编解码器: 未知, 音频编解码器: 未知
分类: 轮播剧场, 名称: 活力满满, 总数: 1, 有效率: 0.00%, 有效: 0, IPv4: 1, IPv6: 0, 最小延迟: 5309 ms, 最高速率: 0.02 MiB/s, 平均速率: 0.00 MiB/s, 最高分辨率: —, 平均帧率: 未知, 视频编解码器: 未知, 音频编解码器: 未知
分类: 轮播剧场, 名称: 时光的海, 总数: 1, 有效率: 0.00%, 有效: 0, IPv4: 1, IPv6: 0, 最小延迟: — ms, 最高速率: 0.00 MiB/s, 平均速率: 0.00 MiB/s, 最高分辨率: —, 平均帧率: 未知, 视频编解码器: 未知, 音频编解码器: 未知
分类: 轮播剧场, 名称: 北京爱情故事, 总数: 2, 有效率: 0.00%, 有效: 0, IPv4: 2, IPv6: 0, 最小延迟: — ms, 最高速率: 0.00 MiB/s, 平均速率: 0.00 MiB/s, 最高分辨率: —, 平均帧率: 未知, 视频编解码器: 未知, 音频编解码器: 未知
分类: 轮播剧场, 名称: 苦乐村官, 总数: 3, 有效率: 0.00%, 有效: 0, IPv4: 3, IPv6: 0, 最小延迟: — ms, 最高速率: 0.00 MiB/s, 平均速率: 0.00 MiB/s, 最高分辨率: —, 平均帧率: 未知, 视频编解码器: 未知, 音频编解码器: 未知
分类: 轮播剧场, 名称: 真心想让你幸福, 总数: 2, 有效率: 0.00%, 有效: 0, IPv4: 2, IPv6: 0, 最小延迟: 5801 ms, 最高速率: 0.02 MiB/s, 平均速率: 0.00 MiB/s, 最高分辨率: —, 平均帧率: 未知, 视频编解码器: 未知, 音频编解码器: 未知
分类: 轮播剧场, 名称: 精彩动作电影享不停, 总数: 2, 有效率: 0.00%, 有效: 0, IPv4: 2, IPv6: 0, 最小延迟: 3923 ms, 最高速率: 0.02 MiB/s, 平均速率: 0.00 MiB/s, 最高分辨率: —, 平均帧率: 未知, 视频编解码器: 未知, 音频编解码器: 未知
分类: 轮播剧场, 名称: 本山快乐营, 总数: 5, 有效率: 0.00%, 有效: 0, IPv4: 5, IPv6: 0, 最小延迟: 8284 ms, 最高速率: 0.01 MiB/s, 平均速率: 0.00 MiB/s, 最高分辨率: —, 平均帧率: 未知, 视频编解码器: 未知, 音频编解码器: 未知
分类: 轮播剧场, 名称: 动作大片-热血开打, 总数: 3, 有效率: 0.00%, 有效: 0, IPv4: 3, IPv6: 0, 最小延迟: — ms, 最高速率: 0.00 MiB/s, 平均速率: 0.00 MiB/s, 最高分辨率: —, 平均帧率: 未知, 视频编解码器: 未知, 音频编解码器: 未知
分类: 轮播剧场, 名称: 小朋友可爱到家了, 总数: 2, 有效率: 0.00%, 有效: 0, IPv4: 2, IPv6: 0, 最小延迟: 5084 ms, 最高速率: 0.02 MiB/s, 平均速率: 0.00 MiB/s, 最高分辨率: —, 平均帧率: 未知, 视频编解码器: 未知, 音频编解码器: 未知
分类: 轮播剧场, 名称: 新世界, 总数: 3, 有效率: 0.00%, 有效: 0, IPv4: 3, IPv6: 0, 最小延迟: — ms, 最高速率: 0.00 MiB/s, 平均速率: 0.00 MiB/s, 最高分辨率: —, 平均帧率: 未知, 视频编解码器: 未知, 音频编解码器: 未知
分类: 轮播剧场, 名称: 飞虎之潜行极战, 总数: 4, 有效率: 0.00%, 有效: 0, IPv4: 4, IPv6: 0, 最小延迟: — ms, 最高速率: 0.00 MiB/s, 平均速率: 0.00 MiB/s, 最高分辨率: —, 平均帧率: 未知, 视频编解码器: 未知, 音频编解码器: 未知
分类: 轮播剧场, 名称: 金玉满堂：精彩港剧, 总数: 5, 有效率: 0.00%, 有效: 0, IPv4: 5, IPv6: 0, 最小延迟: 8508 ms, 最高速率: 0.01 MiB/s, 平均速率: 0.00 MiB/s, 最高分辨率: —, 平均帧率: 未知, 视频编解码器: 未知, 音频编解码器: 未知
分类: 轮播剧场, 名称: 鸭子天空, 总数: 2, 有效率: 0.00%, 有效: 0, IPv4: 2, IPv6: 0, 最小延迟: — ms, 最高速率: 0.00 MiB/s, 平均速率: 0.00 MiB/s, 最高分辨率: —, 平均帧率: 未知, 视频编解码器: 未知, 音频编解码器: 未知
分类: 轮播剧场, 名称: 大明王朝, 总数: 3, 有效率: 0.00%, 有效: 0, IPv4: 3, IPv6: 0, 最小延迟: — ms, 最高速率: 0.00 MiB/s, 平均速率: 0.00 MiB/s, 最高分辨率: —, 平均帧率: 未知, 视频编解码器: 未知, 音频编解码器: 未知
分类: 轮播剧场, 名称: 超燃警匪片, 总数: 2, 有效率: 0.00%, 有效: 0, IPv4: 2, IPv6: 0, 最小延迟: 6971 ms, 最高速率: 0.01 MiB/s, 平均速率: 0.00 MiB/s, 最高分辨率: —, 平均帧率: 未知, 视频编解码器: 未知, 音频编解码器: 未知
分类: 轮播剧场, 名称: 哈利波特全集, 总数: 2, 有效率: 0.00%, 有效: 0, IPv4: 2, IPv6: 0, 最小延迟: 8218 ms, 最高速率: 0.02 MiB/s, 平均速率: 0.00 MiB/s, 最高分辨率: —, 平均帧率: 未知, 视频编解码器: 未知, 音频编解码器: 未知
分类: 轮播剧场, 名称: 国产大片电影, 总数: 2, 有效率: 0.00%, 有效: 0, IPv4: 2, IPv6: 0, 最小延迟: — ms, 最高速率: 0.00 MiB/s, 平均速率: 0.00 MiB/s, 最高分辨率: —, 平均帧率: 未知, 视频编解码器: 未知, 音频编解码器: 未知
分类: 轮播剧场, 名称: 高分动作大片, 总数: 3, 有效率: 0.00%, 有效: 0, IPv4: 3, IPv6: 0, 最小延迟: — ms, 最高速率: 0.00 MiB/s, 平均速率: 0.00 MiB/s, 最高分辨率: —, 平均帧率: 未知, 视频编解码器: 未知, 音频编解码器: 未知
分类: 轮播剧场, 名称: 密子君, 总数: 2, 有效率: 0.00%, 有效: 0, IPv4: 2, IPv6: 0, 最小延迟: — ms, 最高速率: 0.00 MiB/s, 平均速率: 0.00 MiB/s, 最高分辨率: —, 平均帧率: 未知, 视频编解码器: 未知, 音频编解码器: 未知
分类: 轮播剧场, 名称: Blingbling, 总数: 1, 有效率: 0.00%, 有效: 0, IPv4: 1, IPv6: 0, 最小延迟: 7544 ms, 最高速率: 0.01 MiB/s, 平均速率: 0.00 MiB/s, 最高分辨率: —, 平均帧率: 未知, 视频编解码器: 未知, 音频编解码器: 未知
分类: 轮播剧场, 名称: 猩球崛起-怪兽片, 总数: 2, 有效率: 0.00%, 有效: 0, IPv4: 2, IPv6: 0, 最小延迟: — ms, 最高速率: 0.00 MiB/s, 平均速率: 0.00 MiB/s, 最高分辨率: —, 平均帧率: 未知, 视频编解码器: 未知, 音频编解码器: 未知
分类: 轮播剧场, 名称: 钟馗传说, 总数: 5, 有效率: 0.00%, 有效: 0, IPv4: 5, IPv6: 0, 最小延迟: 8606 ms, 最高速率: 0.01 MiB/s, 平均速率: 0.00 MiB/s, 最高分辨率: —, 平均帧率: 未知, 视频编解码器: 未知, 音频编解码器: 未知
分类: 轮播剧场, 名称: 海洋幻梦-泰剧, 总数: 2, 有效率: 0.00%, 有效: 0, IPv4: 2, IPv6: 0, 最小延迟: 8159 ms, 最高速率: 0.01 MiB/s, 平均速率: 0.00 MiB/s, 最高分辨率: —, 平均帧率: 未知, 视频编解码器: 未知, 音频编解码器: 未知
分类: 轮播剧场, 名称: 复仇者联盟全季, 总数: 2, 有效率: 0.00%, 有效: 0, IPv4: 2, IPv6: 0, 最小延迟: — ms, 最高速率: 0.00 MiB/s, 平均速率: 0.00 MiB/s, 最高分辨率: —, 平均帧率: 未知, 视频编解码器: 未知, 音频编解码器: 未知
分类: 轮播剧场, 名称: 你的回忆有我吗, 总数: 2, 有效率: 0.00%, 有效: 0, IPv4: 2, IPv6: 0, 最小延迟: — ms, 最高速率: 0.00 MiB/s, 平均速率: 0.00 MiB/s, 最高分辨率: —, 平均帧率: 未知, 视频编解码器: 未知, 音频编解码器: 未知
分类: 轮播剧场, 名称: 萌鸡小队S1-国漫, 总数: 3, 有效率: 0.00%, 有效: 0, IPv4: 3, IPv6: 0, 最小延迟: 7689 ms, 最高速率: 0.01 MiB/s, 平均速率: 0.00 MiB/s, 最高分辨率: —, 平均帧率: 未知, 视频编解码器: 未知, 音频编解码器: 未知
分类: 轮播剧场, 名称: 侏罗纪世界, 总数: 2, 有效率: 0.00%, 有效: 0, IPv4: 2, IPv6: 0, 最小延迟: — ms, 最高速率: 0.00 MiB/s, 平均速率: 0.00 MiB/s, 最高分辨率: —, 平均帧率: 未知, 视频编解码器: 未知, 音频编解码器: 未知
分类: 轮播剧场, 名称: 末日系列-外国电影, 总数: 3, 有效率: 0.00%, 有效: 0, IPv4: 3, IPv6: 0, 最小延迟: 7949 ms, 最高速率: 0.01 MiB/s, 平均速率: 0.00 MiB/s, 最高分辨率: —, 平均帧率: 未知, 视频编解码器: 未知, 音频编解码器: 未知
分类: 轮播剧场, 名称: 俺娘田小草, 总数: 2, 有效率: 0.00%, 有效: 0, IPv4: 2, IPv6: 0, 最小延迟: 7786 ms, 最高速率: 0.02 MiB/s, 平均速率: 0.00 MiB/s, 最高分辨率: —, 平均帧率: 未知, 视频编解码器: 未知, 音频编解码器: 未知
分类: 轮播剧场, 名称: 高分科幻动作片, 总数: 2, 有效率: 0.00%, 有效: 0, IPv4: 2, IPv6: 0, 最小延迟: 8293 ms, 最高速率: 0.01 MiB/s, 平均速率: 0.00 MiB/s, 最高分辨率: —, 平均帧率: 未知, 视频编解码器: 未知, 音频编解码器: 未知
分类: 轮播剧场, 名称: 保护我家蓉儿, 总数: 2, 有效率: 0.00%, 有效: 0, IPv4: 2, IPv6: 0, 最小延迟: — ms, 最高速率: 0.00 MiB/s, 平均速率: 0.00 MiB/s, 最高分辨率: —, 平均帧率: 未知, 视频编解码器: 未知, 音频编解码器: 未知
分类: 轮播剧场, 名称: 国内科幻片来袭, 总数: 3, 有效率: 0.00%, 有效: 0, IPv4: 3, IPv6: 0, 最小延迟: — ms, 最高速率: 0.00 MiB/s, 平均速率: 0.00 MiB/s, 最高分辨率: —, 平均帧率: 未知, 视频编解码器: 未知, 音频编解码器: 未知
分类: 轮播剧场, 名称: 啊咧, 总数: 2, 有效率: 0.00%, 有效: 0, IPv4: 2, IPv6: 0, 最小延迟: — ms, 最高速率: 0.00 MiB/s, 平均速率: 0.00 MiB/s, 最高分辨率: —, 平均帧率: 未知, 视频编解码器: 未知, 音频编解码器: 未知
分类: 轮播剧场, 名称: 功夫小子进城, 总数: 2, 有效率: 0.00%, 有效: 0, IPv4: 2, IPv6: 0, 最小延迟: — ms, 最高速率: 0.00 MiB/s, 平均速率: 0.00 MiB/s, 最高分辨率: —, 平均帧率: 未知, 视频编解码器: 未知, 音频编解码器: 未知
分类: 轮播剧场, 名称: 加勒比海盗系列, 总数: 2, 有效率: 0.00%, 有效: 0, IPv4: 2, IPv6: 0, 最小延迟: — ms, 最高速率: 0.00 MiB/s, 平均速率: 0.00 MiB/s, 最高分辨率: —, 平均帧率: 未知, 视频编解码器: 未知, 音频编解码器: 未知
分类: 轮播剧场, 名称: 无厘头的出处, 总数: 2, 有效率: 0.00%, 有效: 0, IPv4: 2, IPv6: 0, 最小延迟: — ms, 最高速率: 0.00 MiB/s, 平均速率: 0.00 MiB/s, 最高分辨率: —, 平均帧率: 未知, 视频编解码器: 未知, 音频编解码器: 未知
分类: 轮播剧场, 名称: 回家的诱惑, 总数: 3, 有效率: 0.00%, 有效: 0, IPv4: 3, IPv6: 0, 最小延迟: 7771 ms, 最高速率: 0.02 MiB/s, 平均速率: 0.00 MiB/s, 最高分辨率: —, 平均帧率: 未知, 视频编解码器: 未知, 音频编解码器: 未知
分类: 轮播剧场, 名称: 国外院线动作大片, 总数: 2, 有效率: 0.00%, 有效: 0, IPv4: 2, IPv6: 0, 最小延迟: — ms, 最高速率: 0.00 MiB/s, 平均速率: 0.00 MiB/s, 最高分辨率: —, 平均帧率: 未知, 视频编解码器: 未知, 音频编解码器: 未知
分类: 轮播剧场, 名称: 来自星星的你, 总数: 3, 有效率: 0.00%, 有效: 0, IPv4: 3, IPv6: 0, 最小延迟: — ms, 最高速率: 0.00 MiB/s, 平均速率: 0.00 MiB/s, 最高分辨率: —, 平均帧率: 未知, 视频编解码器: 未知, 音频编解码器: 未知
分类: 轮播剧场, 名称: 美国队长史蒂夫, 总数: 2, 有效率: 0.00%, 有效: 0, IPv4: 2, IPv6: 0, 最小延迟: 6880 ms, 最高速率: 0.01 MiB/s, 平均速率: 0.00 MiB/s, 最高分辨率: —, 平均帧率: 未知, 视频编解码器: 未知, 音频编解码器: 未知
分类: 轮播剧场, 名称: 陪你一起看好剧, 总数: 2, 有效率: 0.00%, 有效: 0, IPv4: 2, IPv6: 0, 最小延迟: 8663 ms, 最高速率: 0.02 MiB/s, 平均速率: 0.00 MiB/s, 最高分辨率: —, 平均帧率: 未知, 视频编解码器: 未知, 音频编解码器: 未知
分类: 轮播剧场, 名称: 国外高分大片, 总数: 3, 有效率: 0.00%, 有效: 0, IPv4: 3, IPv6: 0, 最小延迟: 2987 ms, 最高速率: 0.00 MiB/s, 平均速率: 0.00 MiB/s, 最高分辨率: —, 平均帧率: 未知, 视频编解码器: 未知, 音频编解码器: 未知
分类: 轮播剧场, 名称: 本山快乐营-爆笑小品, 总数: 2, 有效率: 0.00%, 有效: 0, IPv4: 2, IPv6: 0, 最小延迟: — ms, 最高速率: 0.00 MiB/s, 平均速率: 0.00 MiB/s, 最高分辨率: —, 平均帧率: 未知, 视频编解码器: 未知, 音频编解码器: 未知
分类: 轮播剧场, 名称: 请回答1988, 总数: 3, 有效率: 0.00%, 有效: 0, IPv4: 3, IPv6: 0, 最小延迟: 2798 ms, 最高速率: 0.02 MiB/s, 平均速率: 0.00 MiB/s, 最高分辨率: —, 平均帧率: 未知, 视频编解码器: 未知, 音频编解码器: 未知
分类: 轮播剧场, 名称: 国外经典—小鬼当家, 总数: 2, 有效率: 50.00%, 有效: 1, IPv4: 2, IPv6: 0, 最小延迟: 64 ms, 最高速率: 1.46 MiB/s, 平均速率: 1.46 MiB/s, 最高分辨率: 1280x720, 平均帧率: 25.0, 视频编解码器: h264, 音频编解码器: aac
分类: 轮播剧场, 名称: 国内高分悬疑剧-风筝, 总数: 2, 有效率: 0.00%, 有效: 0, IPv4: 2, IPv6: 0, 最小延迟: — ms, 最高速率: 0.00 MiB/s, 平均速率: 0.00 MiB/s, 最高分辨率: —, 平均帧率: 未知, 视频编解码器: 未知, 音频编解码器: 未知
分类: 轮播剧场, 名称: 港剧-警犬巴打, 总数: 2, 有效率: 0.00%, 有效: 0, IPv4: 2, IPv6: 0, 最小延迟: 7555 ms, 最高速率: 0.01 MiB/s, 平均速率: 0.00 MiB/s, 最高分辨率: —, 平均帧率: 未知, 视频编解码器: 未知, 音频编解码器: 未知
分类: 轮播剧场, 名称: 金牌配角达叔系列, 总数: 2, 有效率: 0.00%, 有效: 0, IPv4: 2, IPv6: 0, 最小延迟: — ms, 最高速率: 0.00 MiB/s, 平均速率: 0.00 MiB/s, 最高分辨率: —, 平均帧率: 未知, 视频编解码器: 未知, 音频编解码器: 未知
分类: 轮播剧场, 名称: 大江大河2, 总数: 2, 有效率: 0.00%, 有效: 0, IPv4: 2, IPv6: 0, 最小延迟: — ms, 最高速率: 0.00 MiB/s, 平均速率: 0.00 MiB/s, 最高分辨率: —, 平均帧率: 未知, 视频编解码器: 未知, 音频编解码器: 未知
分类: 轮播剧场, 名称: 我的父亲我的兵, 总数: 4, 有效率: 0.00%, 有效: 0, IPv4: 4, IPv6: 0, 最小延迟: — ms, 最高速率: 0.00 MiB/s, 平均速率: 0.00 MiB/s, 最高分辨率: —, 平均帧率: 未知, 视频编解码器: 未知, 音频编解码器: 未知
分类: 轮播剧场, 名称: 公主嫁到, 总数: 2, 有效率: 0.00%, 有效: 0, IPv4: 2, IPv6: 0, 最小延迟: — ms, 最高速率: 0.00 MiB/s, 平均速率: 0.00 MiB/s, 最高分辨率: —, 平均帧率: 未知, 视频编解码器: 未知, 音频编解码器: 未知
分类: 轮播剧场, 名称: 国内经典动作电影, 总数: 2, 有效率: 0.00%, 有效: 0, IPv4: 2, IPv6: 0, 最小延迟: — ms, 最高速率: 0.00 MiB/s, 平均速率: 0.00 MiB/s, 最高分辨率: —, 平均帧率: 未知, 视频编解码器: 未知, 音频编解码器: 未知
分类: 轮播剧场, 名称: 精彩动作电影, 总数: 2, 有效率: 0.00%, 有效: 0, IPv4: 2, IPv6: 0, 最小延迟: — ms, 最高速率: 0.00 MiB/s, 平均速率: 0.00 MiB/s, 最高分辨率: —, 平均帧率: 未知, 视频编解码器: 未知, 音频编解码器: 未知
分类: 轮播剧场, 名称: 热门喜剧, 总数: 3, 有效率: 0.00%, 有效: 0, IPv4: 3, IPv6: 0, 最小延迟: — ms, 最高速率: 0.00 MiB/s, 平均速率: 0.00 MiB/s, 最高分辨率: —, 平均帧率: 未知, 视频编解码器: 未知, 音频编解码器: 未知
分类: 轮播剧场, 名称: 珍珠港-电影, 总数: 3, 有效率: 0.00%, 有效: 0, IPv4: 3, IPv6: 0, 最小延迟: — ms, 最高速率: 0.00 MiB/s, 平均速率: 0.00 MiB/s, 最高分辨率: —, 平均帧率: 未知, 视频编解码器: 未知, 音频编解码器: 未知
分类: 轮播剧场, 名称: 许多多, 总数: 1, 有效率: 0.00%, 有效: 0, IPv4: 1, IPv6: 0, 最小延迟: 6891 ms, 最高速率: 0.01 MiB/s, 平均速率: 0.00 MiB/s, 最高分辨率: —, 平均帧率: 未知, 视频编解码器: 未知, 音频编解码器: 未知
分类: 轮播剧场, 名称: 明天和你-韩剧, 总数: 2, 有效率: 0.00%, 有效: 0, IPv4: 2, IPv6: 0, 最小延迟: 7939 ms, 最高速率: 0.02 MiB/s, 平均速率: 0.00 MiB/s, 最高分辨率: —, 平均帧率: 未知, 视频编解码器: 未知, 音频编解码器: 未知
分类: 轮播剧场, 名称: 超炫科幻大片, 总数: 3, 有效率: 0.00%, 有效: 0, IPv4: 3, IPv6: 0, 最小延迟: — ms, 最高速率: 0.00 MiB/s, 平均速率: 0.00 MiB/s, 最高分辨率: —, 平均帧率: 未知, 视频编解码器: 未知, 音频编解码器: 未知
分类: 轮播剧场, 名称: 深海利剑, 总数: 2, 有效率: 0.00%, 有效: 0, IPv4: 2, IPv6: 0, 最小延迟: — ms, 最高速率: 0.00 MiB/s, 平均速率: 0.00 MiB/s, 最高分辨率: —, 平均帧率: 未知, 视频编解码器: 未知, 音频编解码器: 未知
分类: 轮播剧场, 名称: 电影黑豹, 总数: 2, 有效率: 0.00%, 有效: 0, IPv4: 2, IPv6: 0, 最小延迟: — ms, 最高速率: 0.00 MiB/s, 平均速率: 0.00 MiB/s, 最高分辨率: —, 平均帧率: 未知, 视频编解码器: 未知, 音频编解码器: 未知
分类: 轮播剧场, 名称: 永远的经典系列, 总数: 2, 有效率: 0.00%, 有效: 0, IPv4: 2, IPv6: 0, 最小延迟: — ms, 最高速率: 0.00 MiB/s, 平均速率: 0.00 MiB/s, 最高分辨率: —, 平均帧率: 未知, 视频编解码器: 未知, 音频编解码器: 未知
分类: 轮播剧场, 名称: 农家小菜, 总数: 3, 有效率: 0.00%, 有效: 0, IPv4: 3, IPv6: 0, 最小延迟: — ms, 最高速率: 0.00 MiB/s, 平均速率: 0.00 MiB/s, 最高分辨率: —, 平均帧率: 未知, 视频编解码器: 未知, 音频编解码器: 未知
分类: 轮播剧场, 名称: 外国科幻大片, 总数: 2, 有效率: 0.00%, 有效: 0, IPv4: 2, IPv6: 0, 最小延迟: 8599 ms, 最高速率: 0.01 MiB/s, 平均速率: 0.00 MiB/s, 最高分辨率: —, 平均帧率: 未知, 视频编解码器: 未知, 音频编解码器: 未知
分类: 轮播剧场, 名称: 飓风营救, 总数: 2, 有效率: 0.00%, 有效: 0, IPv4: 2, IPv6: 0, 最小延迟: — ms, 最高速率: 0.00 MiB/s, 平均速率: 0.00 MiB/s, 最高分辨率: —, 平均帧率: 未知, 视频编解码器: 未知, 音频编解码器: 未知
分类: 轮播剧场, 名称: 燃爆动作片, 总数: 2, 有效率: 0.00%, 有效: 0, IPv4: 2, IPv6: 0, 最小延迟: 7416 ms, 最高速率: 0.01 MiB/s, 平均速率: 0.00 MiB/s, 最高分辨率: —, 平均帧率: 未知, 视频编解码器: 未知, 音频编解码器: 未知
分类: 轮播剧场, 名称: 国外动作大片, 总数: 2, 有效率: 0.00%, 有效: 0, IPv4: 2, IPv6: 0, 最小延迟: — ms, 最高速率: 0.00 MiB/s, 平均速率: 0.00 MiB/s, 最高分辨率: —, 平均帧率: 未知, 视频编解码器: 未知, 音频编解码器: 未知
分类: 轮播剧场, 名称: 宝莲灯前传, 总数: 4, 有效率: 0.00%, 有效: 0, IPv4: 4, IPv6: 0, 最小延迟: — ms, 最高速率: 0.00 MiB/s, 平均速率: 0.00 MiB/s, 最高分辨率: —, 平均帧率: 未知, 视频编解码器: 未知, 音频编解码器: 未知
分类: 轮播剧场, 名称: 妖神记之黑狱篇, 总数: 3, 有效率: 0.00%, 有效: 0, IPv4: 3, IPv6: 0, 最小延迟: — ms, 最高速率: 0.00 MiB/s, 平均速率: 0.00 MiB/s, 最高分辨率: —, 平均帧率: 未知, 视频编解码器: 未知, 音频编解码器: 未知
分类: 轮播剧场, 名称: 河山, 总数: 3, 有效率: 0.00%, 有效: 0, IPv4: 3, IPv6: 0, 最小延迟: — ms, 最高速率: 0.00 MiB/s, 平均速率: 0.00 MiB/s, 最高分辨率: —, 平均帧率: 未知, 视频编解码器: 未知, 音频编解码器: 未知
分类: 轮播剧场, 名称: 溏心风暴之家好月圆, 总数: 4, 有效率: 0.00%, 有效: 0, IPv4: 4, IPv6: 0, 最小延迟: — ms, 最高速率: 0.00 MiB/s, 平均速率: 0.00 MiB/s, 最高分辨率: —, 平均帧率: 未知, 视频编解码器: 未知, 音频编解码器: 未知
分类: 轮播剧场, 名称: 躺平还是奋斗, 总数: 2, 有效率: 0.00%, 有效: 0, IPv4: 2, IPv6: 0, 最小延迟: — ms, 最高速率: 0.00 MiB/s, 平均速率: 0.00 MiB/s, 最高分辨率: —, 平均帧率: 未知, 视频编解码器: 未知, 音频编解码器: 未知
分类: 轮播剧场, 名称: 嘻嘻熙熙, 总数: 2, 有效率: 0.00%, 有效: 0, IPv4: 2, IPv6: 0, 最小延迟: — ms, 最高速率: 0.00 MiB/s, 平均速率: 0.00 MiB/s, 最高分辨率: —, 平均帧率: 未知, 视频编解码器: 未知, 音频编解码器: 未知
分类: 轮播剧场, 名称: 贾玲春晚小品, 总数: 13, 有效率: 0.00%, 有效: 0, IPv4: 13, IPv6: 0, 最小延迟: 687 ms, 最高速率: 0.10 MiB/s, 平均速率: 0.00 MiB/s, 最高分辨率: —, 平均帧率: 未知, 视频编解码器: 未知, 音频编解码器: 未知
分类: 轮播剧场, 名称: 少年四大名捕, 总数: 2, 有效率: 0.00%, 有效: 0, IPv4: 2, IPv6: 0, 最小延迟: — ms, 最高速率: 0.00 MiB/s, 平均速率: 0.00 MiB/s, 最高分辨率: —, 平均帧率: 未知, 视频编解码器: 未知, 音频编解码器: 未知
分类: 轮播剧场, 名称: 科幻电影, 总数: 7, 有效率: 14.29%, 有效: 1, IPv4: 7, IPv6: 0, 最小延迟: 1032 ms, 最高速率: 0.37 MiB/s, 平均速率: 0.37 MiB/s, 最高分辨率: —, 平均帧率: 未知, 视频编解码器: 未知, 音频编解码器: 未知
分类: 轮播剧场, 名称: 流金岁月-经典港剧, 总数: 5, 有效率: 0.00%, 有效: 0, IPv4: 5, IPv6: 0, 最小延迟: 8028 ms, 最高速率: 0.01 MiB/s, 平均速率: 0.00 MiB/s, 最高分辨率: —, 平均帧率: 未知, 视频编解码器: 未知, 音频编解码器: 未知
分类: 轮播剧场, 名称: 毒液：致命守护者, 总数: 2, 有效率: 0.00%, 有效: 0, IPv4: 2, IPv6: 0, 最小延迟: — ms, 最高速率: 0.00 MiB/s, 平均速率: 0.00 MiB/s, 最高分辨率: —, 平均帧率: 未知, 视频编解码器: 未知, 音频编解码器: 未知
分类: 轮播剧场, 名称: 来看修牛蹄, 总数: 3, 有效率: 0.00%, 有效: 0, IPv4: 3, IPv6: 0, 最小延迟: 2314 ms, 最高速率: 0.03 MiB/s, 平均速率: 0.00 MiB/s, 最高分辨率: —, 平均帧率: 未知, 视频编解码器: 未知, 音频编解码器: 未知
分类: 轮播剧场, 名称: 能耐大了第1季, 总数: 2, 有效率: 0.00%, 有效: 0, IPv4: 2, IPv6: 0, 最小延迟: — ms, 最高速率: 0.00 MiB/s, 平均速率: 0.00 MiB/s, 最高分辨率: —, 平均帧率: 未知, 视频编解码器: 未知, 音频编解码器: 未知
分类: 轮播剧场, 名称: 蔡明春晚小品, 总数: 8, 有效率: 0.00%, 有效: 0, IPv4: 8, IPv6: 0, 最小延迟: 1152 ms, 最高速率: 0.01 MiB/s, 平均速率: 0.00 MiB/s, 最高分辨率: —, 平均帧率: 未知, 视频编解码器: 未知, 音频编解码器: 未知
分类: 轮播剧场, 名称: 国外科幻, 总数: 2, 有效率: 0.00%, 有效: 0, IPv4: 2, IPv6: 0, 最小延迟: 9067 ms, 最高速率: 0.02 MiB/s, 平均速率: 0.00 MiB/s, 最高分辨率: —, 平均帧率: 未知, 视频编解码器: 未知, 音频编解码器: 未知
分类: 轮播剧场, 名称: 大江大河, 总数: 3, 有效率: 0.00%, 有效: 0, IPv4: 3, IPv6: 0, 最小延迟: — ms, 最高速率: 0.00 MiB/s, 平均速率: 0.00 MiB/s, 最高分辨率: —, 平均帧率: 未知, 视频编解码器: 未知, 音频编解码器: 未知
分类: 轮播剧场, 名称: 晨晨的影视小窝, 总数: 1, 有效率: 0.00%, 有效: 0, IPv4: 1, IPv6: 0, 最小延迟: — ms, 最高速率: 0.00 MiB/s, 平均速率: 0.00 MiB/s, 最高分辨率: —, 平均帧率: 未知, 视频编解码器: 未知, 音频编解码器: 未知
分类: 轮播剧场, 名称: 福贵, 总数: 3, 有效率: 0.00%, 有效: 0, IPv4: 3, IPv6: 0, 最小延迟: — ms, 最高速率: 0.00 MiB/s, 平均速率: 0.00 MiB/s, 最高分辨率: —, 平均帧率: 未知, 视频编解码器: 未知, 音频编解码器: 未知
分类: 轮播剧场, 名称: 科幻惊悚片-异形, 总数: 2, 有效率: 0.00%, 有效: 0, IPv4: 2, IPv6: 0, 最小延迟: — ms, 最高速率: 0.00 MiB/s, 平均速率: 0.00 MiB/s, 最高分辨率: —, 平均帧率: 未知, 视频编解码器: 未知, 音频编解码器: 未知
分类: 轮播剧场, 名称: 致敬星爷致敬经典, 总数: 8, 有效率: 0.00%, 有效: 0, IPv4: 8, IPv6: 0, 最小延迟: — ms, 最高速率: 0.00 MiB/s, 平均速率: 0.00 MiB/s, 最高分辨率: —, 平均帧率: 未知, 视频编解码器: 未知, 音频编解码器: 未知
分类: 轮播剧场, 名称: 从溺水到冠军, 总数: 2, 有效率: 0.00%, 有效: 0, IPv4: 2, IPv6: 0, 最小延迟: — ms, 最高速率: 0.00 MiB/s, 平均速率: 0.00 MiB/s, 最高分辨率: —, 平均帧率: 未知, 视频编解码器: 未知, 音频编解码器: 未知
分类: 轮播剧场, 名称: 欢乐集结号2, 总数: 2, 有效率: 0.00%, 有效: 0, IPv4: 2, IPv6: 0, 最小延迟: — ms, 最高速率: 0.00 MiB/s, 平均速率: 0.00 MiB/s, 最高分辨率: —, 平均帧率: 未知, 视频编解码器: 未知, 音频编解码器: 未知
分类: 轮播剧场, 名称: 欢乐集结号4, 总数: 2, 有效率: 0.00%, 有效: 0, IPv4: 2, IPv6: 0, 最小延迟: — ms, 最高速率: 0.00 MiB/s, 平均速率: 0.00 MiB/s, 最高分辨率: —, 平均帧率: 未知, 视频编解码器: 未知, 音频编解码器: 未知
分类: 轮播剧场, 名称: 欢喜冤家的爱情, 总数: 2, 有效率: 0.00%, 有效: 0, IPv4: 2, IPv6: 0, 最小延迟: — ms, 最高速率: 0.00 MiB/s, 平均速率: 0.00 MiB/s, 最高分辨率: —, 平均帧率: 未知, 视频编解码器: 未知, 音频编解码器: 未知
分类: 轮播剧场, 名称: 少年包青天美黑之旅, 总数: 16, 有效率: 0.00%, 有效: 0, IPv4: 16, IPv6: 0, 最小延迟: 3127 ms, 最高速率: 0.02 MiB/s, 平均速率: 0.00 MiB/s, 最高分辨率: —, 平均帧率: 未知, 视频编解码器: 未知, 音频编解码器: 未知
分类: 轮播剧场, 名称: 欢乐集结号58-70, 总数: 2, 有效率: 0.00%, 有效: 0, IPv4: 2, IPv6: 0, 最小延迟: — ms, 最高速率: 0.00 MiB/s, 平均速率: 0.00 MiB/s, 最高分辨率: —, 平均帧率: 未知, 视频编解码器: 未知, 音频编解码器: 未知
分类: 轮播剧场, 名称: 洪金宝福星系列, 总数: 4, 有效率: 0.00%, 有效: 0, IPv4: 4, IPv6: 0, 最小延迟: 7751 ms, 最高速率: 0.01 MiB/s, 平均速率: 0.00 MiB/s, 最高分辨率: —, 平均帧率: 未知, 视频编解码器: 未知, 音频编解码器: 未知
分类: 轮播剧场, 名称: 太空荒野求生记, 总数: 2, 有效率: 0.00%, 有效: 0, IPv4: 2, IPv6: 0, 最小延迟: — ms, 最高速率: 0.00 MiB/s, 平均速率: 0.00 MiB/s, 最高分辨率: —, 平均帧率: 未知, 视频编解码器: 未知, 音频编解码器: 未知
分类: 轮播剧场, 名称: 名媛望族-精彩港剧, 总数: 3, 有效率: 0.00%, 有效: 0, IPv4: 3, IPv6: 0, 最小延迟: 8461 ms, 最高速率: 0.01 MiB/s, 平均速率: 0.00 MiB/s, 最高分辨率: —, 平均帧率: 未知, 视频编解码器: 未知, 音频编解码器: 未知
分类: 轮播剧场, 名称: 宋小宝春晚小品合集, 总数: 1, 有效率: 0.00%, 有效: 0, IPv4: 1, IPv6: 0, 最小延迟: 8036 ms, 最高速率: 0.02 MiB/s, 平均速率: 0.00 MiB/s, 最高分辨率: —, 平均帧率: 未知, 视频编解码器: 未知, 音频编解码器: 未知
分类: 轮播剧场, 名称: 电视剧-流金岁月, 总数: 2, 有效率: 0.00%, 有效: 0, IPv4: 2, IPv6: 0, 最小延迟: 6838 ms, 最高速率: 0.01 MiB/s, 平均速率: 0.00 MiB/s, 最高分辨率: —, 平均帧率: 未知, 视频编解码器: 未知, 音频编解码器: 未知
分类: 轮播剧场, 名称: 抗日神片, 总数: 2, 有效率: 0.00%, 有效: 0, IPv4: 2, IPv6: 0, 最小延迟: — ms, 最高速率: 0.00 MiB/s, 平均速率: 0.00 MiB/s, 最高分辨率: —, 平均帧率: 未知, 视频编解码器: 未知, 音频编解码器: 未知
分类: 轮播剧场, 名称: 一起来笑吧, 总数: 2, 有效率: 0.00%, 有效: 0, IPv4: 2, IPv6: 0, 最小延迟: — ms, 最高速率: 0.00 MiB/s, 平均速率: 0.00 MiB/s, 最高分辨率: —, 平均帧率: 未知, 视频编解码器: 未知, 音频编解码器: 未知
分类: 轮播剧场, 名称: 机械战警1-3, 总数: 2, 有效率: 0.00%, 有效: 0, IPv4: 2, IPv6: 0, 最小延迟: — ms, 最高速率: 0.00 MiB/s, 平均速率: 0.00 MiB/s, 最高分辨率: —, 平均帧率: 未知, 视频编解码器: 未知, 音频编解码器: 未知
分类: 轮播剧场, 名称: 远去的飞鹰-影视剧, 总数: 2, 有效率: 0.00%, 有效: 0, IPv4: 2, IPv6: 0, 最小延迟: — ms, 最高速率: 0.00 MiB/s, 平均速率: 0.00 MiB/s, 最高分辨率: —, 平均帧率: 未知, 视频编解码器: 未知, 音频编解码器: 未知
分类: 轮播剧场, 名称: 狄仁杰智破红瞳谜案, 总数: 9, 有效率: 11.11%, 有效: 1, IPv4: 9, IPv6: 0, 最小延迟: 92 ms, 最高速率: 2.14 MiB/s, 平均速率: 2.14 MiB/s, 最高分辨率: 1280x720, 平均帧率: 30.0, 视频编解码器: h264, 音频编解码器: aac
分类: 轮播剧场, 名称: 本山快乐营1, 总数: 2, 有效率: 0.00%, 有效: 0, IPv4: 2, IPv6: 0, 最小延迟: — ms, 最高速率: 0.00 MiB/s, 平均速率: 0.00 MiB/s, 最高分辨率: —, 平均帧率: 未知, 视频编解码器: 未知, 音频编解码器: 未知
分类: 轮播剧场, 名称: 大台风, 总数: 2, 有效率: 0.00%, 有效: 0, IPv4: 2, IPv6: 0, 最小延迟: 7942 ms, 最高速率: 0.02 MiB/s, 平均速率: 0.00 MiB/s, 最高分辨率: —, 平均帧率: 未知, 视频编解码器: 未知, 音频编解码器: 未知
分类: 轮播剧场, 名称: 辣警狂花, 总数: 2, 有效率: 0.00%, 有效: 0, IPv4: 2, IPv6: 0, 最小延迟: 3515 ms, 最高速率: 0.00 MiB/s, 平均速率: 0.00 MiB/s, 最高分辨率: —, 平均帧率: 未知, 视频编解码器: 未知, 音频编解码器: 未知
分类: 轮播剧场, 名称: 封神：祸商, 总数: 3, 有效率: 0.00%, 有效: 0, IPv4: 3, IPv6: 0, 最小延迟: — ms, 最高速率: 0.00 MiB/s, 平均速率: 0.00 MiB/s, 最高分辨率: —, 平均帧率: 未知, 视频编解码器: 未知, 音频编解码器: 未知
分类: 轮播剧场, 名称: 紧急营救, 总数: 2, 有效率: 0.00%, 有效: 0, IPv4: 2, IPv6: 0, 最小延迟: — ms, 最高速率: 0.00 MiB/s, 平均速率: 0.00 MiB/s, 最高分辨率: —, 平均帧率: 未知, 视频编解码器: 未知, 音频编解码器: 未知
分类: 轮播剧场, 名称: 当旺爸爸-港剧, 总数: 2, 有效率: 0.00%, 有效: 0, IPv4: 2, IPv6: 0, 最小延迟: 1656 ms, 最高速率: 0.09 MiB/s, 平均速率: 0.00 MiB/s, 最高分辨率: —, 平均帧率: 未知, 视频编解码器: 未知, 音频编解码器: 未知
分类: 轮播剧场, 名称: 动作大片, 总数: 4, 有效率: 0.00%, 有效: 0, IPv4: 4, IPv6: 0, 最小延迟: — ms, 最高速率: 0.00 MiB/s, 平均速率: 0.00 MiB/s, 最高分辨率: —, 平均帧率: 未知, 视频编解码器: 未知, 音频编解码器: 未知
分类: 轮播剧场, 名称: 辣警狂花2, 总数: 2, 有效率: 0.00%, 有效: 0, IPv4: 2, IPv6: 0, 最小延迟: — ms, 最高速率: 0.00 MiB/s, 平均速率: 0.00 MiB/s, 最高分辨率: —, 平均帧率: 未知, 视频编解码器: 未知, 音频编解码器: 未知
分类: 轮播剧场, 名称: 超英集结, 总数: 3, 有效率: 0.00%, 有效: 0, IPv4: 3, IPv6: 0, 最小延迟: — ms, 最高速率: 0.00 MiB/s, 平均速率: 0.00 MiB/s, 最高分辨率: —, 平均帧率: 未知, 视频编解码器: 未知, 音频编解码器: 未知
分类: 轮播剧场, 名称: 银河护卫队, 总数: 2, 有效率: 0.00%, 有效: 0, IPv4: 2, IPv6: 0, 最小延迟: — ms, 最高速率: 0.00 MiB/s, 平均速率: 0.00 MiB/s, 最高分辨率: —, 平均帧率: 未知, 视频编解码器: 未知, 音频编解码器: 未知
分类: 轮播剧场, 名称: 带你领略四季的变化, 总数: 2, 有效率: 0.00%, 有效: 0, IPv4: 2, IPv6: 0, 最小延迟: — ms, 最高速率: 0.00 MiB/s, 平均速率: 0.00 MiB/s, 最高分辨率: —, 平均帧率: 未知, 视频编解码器: 未知, 音频编解码器: 未知
分类: 轮播剧场, 名称: 施公奇案2-欧阳震华, 总数: 2, 有效率: 0.00%, 有效: 0, IPv4: 2, IPv6: 0, 最小延迟: — ms, 最高速率: 0.00 MiB/s, 平均速率: 0.00 MiB/s, 最高分辨率: —, 平均帧率: 未知, 视频编解码器: 未知, 音频编解码器: 未知
分类: 轮播剧场, 名称: 高能博弈—大事件, 总数: 2, 有效率: 0.00%, 有效: 0, IPv4: 2, IPv6: 0, 最小延迟: — ms, 最高速率: 0.00 MiB/s, 平均速率: 0.00 MiB/s, 最高分辨率: —, 平均帧率: 未知, 视频编解码器: 未知, 音频编解码器: 未知
分类: 轮播剧场, 名称: 海王-院线大片, 总数: 4, 有效率: 0.00%, 有效: 0, IPv4: 4, IPv6: 0, 最小延迟: 5244 ms, 最高速率: 0.03 MiB/s, 平均速率: 0.00 MiB/s, 最高分辨率: —, 平均帧率: 未知, 视频编解码器: 未知, 音频编解码器: 未知
分类: 轮播剧场, 名称: 碟中谍系列电影, 总数: 1, 有效率: 0.00%, 有效: 0, IPv4: 1, IPv6: 0, 最小延迟: — ms, 最高速率: 0.00 MiB/s, 平均速率: 0.00 MiB/s, 最高分辨率: —, 平均帧率: 未知, 视频编解码器: 未知, 音频编解码器: 未知
分类: 轮播剧场, 名称: 另类猪妖爆笑逆袭, 总数: 2, 有效率: 0.00%, 有效: 0, IPv4: 2, IPv6: 0, 最小延迟: — ms, 最高速率: 0.00 MiB/s, 平均速率: 0.00 MiB/s, 最高分辨率: —, 平均帧率: 未知, 视频编解码器: 未知, 音频编解码器: 未知
分类: 轮播剧场, 名称: 霹雳火速度与激情, 总数: 2, 有效率: 0.00%, 有效: 0, IPv4: 2, IPv6: 0, 最小延迟: — ms, 最高速率: 0.00 MiB/s, 平均速率: 0.00 MiB/s, 最高分辨率: —, 平均帧率: 未知, 视频编解码器: 未知, 音频编解码器: 未知
分类: 轮播剧场, 名称: 国产动作电影, 总数: 2, 有效率: 0.00%, 有效: 0, IPv4: 2, IPv6: 0, 最小延迟: 2970 ms, 最高速率: 0.01 MiB/s, 平均速率: 0.00 MiB/s, 最高分辨率: —, 平均帧率: 未知, 视频编解码器: 未知, 音频编解码器: 未知
分类: 轮播剧场, 名称: 最佳下饭小甜剧, 总数: 2, 有效率: 0.00%, 有效: 0, IPv4: 2, IPv6: 0, 最小延迟: 2210 ms, 最高速率: 0.00 MiB/s, 平均速率: 0.00 MiB/s, 最高分辨率: —, 平均帧率: 未知, 视频编解码器: 未知, 音频编解码器: 未知
分类: 轮播剧场, 名称: 乔·科伊热辣开麦, 总数: 4, 有效率: 0.00%, 有效: 0, IPv4: 4, IPv6: 0, 最小延迟: 1931 ms, 最高速率: 0.00 MiB/s, 平均速率: 0.00 MiB/s, 最高分辨率: —, 平均帧率: 未知, 视频编解码器: 未知, 音频编解码器: 未知
分类: 轮播剧场, 名称: 影视小艺, 总数: 2, 有效率: 0.00%, 有效: 0, IPv4: 2, IPv6: 0, 最小延迟: 8211 ms, 最高速率: 0.01 MiB/s, 平均速率: 0.00 MiB/s, 最高分辨率: —, 平均帧率: 未知, 视频编解码器: 未知, 音频编解码器: 未知
分类: 轮播剧场, 名称: 学生兵, 总数: 2, 有效率: 0.00%, 有效: 0, IPv4: 2, IPv6: 0, 最小延迟: 8785 ms, 最高速率: 0.01 MiB/s, 平均速率: 0.00 MiB/s, 最高分辨率: —, 平均帧率: 未知, 视频编解码器: 未知, 音频编解码器: 未知
分类: 轮播剧场, 名称: 岳云鹏宋小宝电影, 总数: 3, 有效率: 0.00%, 有效: 0, IPv4: 3, IPv6: 0, 最小延迟: 6051 ms, 最高速率: 0.02 MiB/s, 平均速率: 0.00 MiB/s, 最高分辨率: —, 平均帧率: 未知, 视频编解码器: 未知, 音频编解码器: 未知
分类: 轮播剧场, 名称: 名不虚传-韩剧, 总数: 2, 有效率: 0.00%, 有效: 0, IPv4: 2, IPv6: 0, 最小延迟: 8931 ms, 最高速率: 0.02 MiB/s, 平均速率: 0.00 MiB/s, 最高分辨率: —, 平均帧率: 未知, 视频编解码器: 未知, 音频编解码器: 未知
分类: 轮播剧场, 名称: 悬疑反转直击真相, 总数: 2, 有效率: 0.00%, 有效: 0, IPv4: 2, IPv6: 0, 最小延迟: 3183 ms, 最高速率: 0.00 MiB/s, 平均速率: 0.00 MiB/s, 最高分辨率: —, 平均帧率: 未知, 视频编解码器: 未知, 音频编解码器: 未知
分类: 轮播剧场, 名称: 本山快乐营2, 总数: 2, 有效率: 0.00%, 有效: 0, IPv4: 2, IPv6: 0, 最小延迟: — ms, 最高速率: 0.00 MiB/s, 平均速率: 0.00 MiB/s, 最高分辨率: —, 平均帧率: 未知, 视频编解码器: 未知, 音频编解码器: 未知
分类: 轮播剧场, 名称: 喜剧闹翻天, 总数: 2, 有效率: 0.00%, 有效: 0, IPv4: 2, IPv6: 0, 最小延迟: — ms, 最高速率: 0.00 MiB/s, 平均速率: 0.00 MiB/s, 最高分辨率: —, 平均帧率: 未知, 视频编解码器: 未知, 音频编解码器: 未知
分类: 轮播剧场, 名称: 每天都要快乐哦, 总数: 2, 有效率: 0.00%, 有效: 0, IPv4: 2, IPv6: 0, 最小延迟: 8327 ms, 最高速率: 0.01 MiB/s, 平均速率: 0.00 MiB/s, 最高分辨率: —, 平均帧率: 未知, 视频编解码器: 未知, 音频编解码器: 未知
分类: 轮播剧场, 名称: 初恋脸, 总数: 1, 有效率: 0.00%, 有效: 0, IPv4: 1, IPv6: 0, 最小延迟: — ms, 最高速率: 0.00 MiB/s, 平均速率: 0.00 MiB/s, 最高分辨率: —, 平均帧率: 未知, 视频编解码器: 未知, 音频编解码器: 未知
分类: 轮播剧场, 名称: PK地球神, 总数: 2, 有效率: 0.00%, 有效: 0, IPv4: 2, IPv6: 0, 最小延迟: — ms, 最高速率: 0.00 MiB/s, 平均速率: 0.00 MiB/s, 最高分辨率: —, 平均帧率: 未知, 视频编解码器: 未知, 音频编解码器: 未知
分类: 轮播剧场, 名称: 爱在璀璨时, 总数: 2, 有效率: 0.00%, 有效: 0, IPv4: 2, IPv6: 0, 最小延迟: — ms, 最高速率: 0.00 MiB/s, 平均速率: 0.00 MiB/s, 最高分辨率: —, 平均帧率: 未知, 视频编解码器: 未知, 音频编解码器: 未知
分类: 轮播剧场, 名称: 热血抗日电影, 总数: 2, 有效率: 0.00%, 有效: 0, IPv4: 2, IPv6: 0, 最小延迟: 7120 ms, 最高速率: 0.02 MiB/s, 平均速率: 0.00 MiB/s, 最高分辨率: —, 平均帧率: 未知, 视频编解码器: 未知, 音频编解码器: 未知
分类: 轮播剧场, 名称: 娘亲舅大, 总数: 2, 有效率: 0.00%, 有效: 0, IPv4: 2, IPv6: 0, 最小延迟: — ms, 最高速率: 0.00 MiB/s, 平均速率: 0.00 MiB/s, 最高分辨率: —, 平均帧率: 未知, 视频编解码器: 未知, 音频编解码器: 未知
分类: 轮播剧场, 名称: 热血战争巨作, 总数: 2, 有效率: 0.00%, 有效: 0, IPv4: 2, IPv6: 0, 最小延迟: — ms, 最高速率: 0.00 MiB/s, 平均速率: 0.00 MiB/s, 最高分辨率: —, 平均帧率: 未知, 视频编解码器: 未知, 音频编解码器: 未知
分类: 轮播剧场, 名称: 经典传奇2018, 总数: 4, 有效率: 0.00%, 有效: 0, IPv4: 4, IPv6: 0, 最小延迟: — ms, 最高速率: 0.00 MiB/s, 平均速率: 0.00 MiB/s, 最高分辨率: —, 平均帧率: 未知, 视频编解码器: 未知, 音频编解码器: 未知
分类: 轮播剧场, 名称: 艾迪格里芬经典, 总数: 2, 有效率: 0.00%, 有效: 0, IPv4: 2, IPv6: 0, 最小延迟: — ms, 最高速率: 0.00 MiB/s, 平均速率: 0.00 MiB/s, 最高分辨率: —, 平均帧率: 未知, 视频编解码器: 未知, 音频编解码器: 未知
分类: 轮播剧场, 名称: 巾帼枭雄之义海豪情, 总数: 2, 有效率: 0.00%, 有效: 0, IPv4: 2, IPv6: 0, 最小延迟: — ms, 最高速率: 0.00 MiB/s, 平均速率: 0.00 MiB/s, 最高分辨率: —, 平均帧率: 未知, 视频编解码器: 未知, 音频编解码器: 未知
分类: 轮播剧场, 名称: 笑傲江湖-电视剧, 总数: 2, 有效率: 0.00%, 有效: 0, IPv4: 2, IPv6: 0, 最小延迟: — ms, 最高速率: 0.00 MiB/s, 平均速率: 0.00 MiB/s, 最高分辨率: —, 平均帧率: 未知, 视频编解码器: 未知, 音频编解码器: 未知
分类: 轮播剧场, 名称: 深海巨兽惊现, 总数: 2, 有效率: 0.00%, 有效: 0, IPv4: 2, IPv6: 0, 最小延迟: — ms, 最高速率: 0.00 MiB/s, 平均速率: 0.00 MiB/s, 最高分辨率: —, 平均帧率: 未知, 视频编解码器: 未知, 音频编解码器: 未知
分类: 轮播剧场, 名称: 铁血拍档, 总数: 2, 有效率: 0.00%, 有效: 0, IPv4: 2, IPv6: 0, 最小延迟: — ms, 最高速率: 0.00 MiB/s, 平均速率: 0.00 MiB/s, 最高分辨率: —, 平均帧率: 未知, 视频编解码器: 未知, 音频编解码器: 未知
分类: 轮播剧场, 名称: 黄大妮-电视剧, 总数: 2, 有效率: 0.00%, 有效: 0, IPv4: 2, IPv6: 0, 最小延迟: — ms, 最高速率: 0.00 MiB/s, 平均速率: 0.00 MiB/s, 最高分辨率: —, 平均帧率: 未知, 视频编解码器: 未知, 音频编解码器: 未知
分类: 轮播剧场, 名称: 了不起的萝莉小玲, 总数: 1, 有效率: 0.00%, 有效: 0, IPv4: 1, IPv6: 0, 最小延迟: 6550 ms, 最高速率: 0.02 MiB/s, 平均速率: 0.00 MiB/s, 最高分辨率: —, 平均帧率: 未知, 视频编解码器: 未知, 音频编解码器: 未知
分类: 轮播剧场, 名称: 神秘来客闯入, 总数: 2, 有效率: 0.00%, 有效: 0, IPv4: 2, IPv6: 0, 最小延迟: 2753 ms, 最高速率: 0.00 MiB/s, 平均速率: 0.00 MiB/s, 最高分辨率: —, 平均帧率: 未知, 视频编解码器: 未知, 音频编解码器: 未知
分类: 轮播剧场, 名称: 高分经典动作片, 总数: 2, 有效率: 0.00%, 有效: 0, IPv4: 2, IPv6: 0, 最小延迟: — ms, 最高速率: 0.00 MiB/s, 平均速率: 0.00 MiB/s, 最高分辨率: —, 平均帧率: 未知, 视频编解码器: 未知, 音频编解码器: 未知
分类: 轮播剧场, 名称: 牧野诡事之赤丹珠, 总数: 2, 有效率: 0.00%, 有效: 0, IPv4: 2, IPv6: 0, 最小延迟: — ms, 最高速率: 0.00 MiB/s, 平均速率: 0.00 MiB/s, 最高分辨率: —, 平均帧率: 未知, 视频编解码器: 未知, 音频编解码器: 未知
分类: 轮播剧场, 名称: 美好的意外治愈邂逅, 总数: 1, 有效率: 0.00%, 有效: 0, IPv4: 1, IPv6: 0, 最小延迟: — ms, 最高速率: 0.00 MiB/s, 平均速率: 0.00 MiB/s, 最高分辨率: —, 平均帧率: 未知, 视频编解码器: 未知, 音频编解码器: 未知
分类: 轮播剧场, 名称: 全村一起搞艺术, 总数: 2, 有效率: 0.00%, 有效: 0, IPv4: 2, IPv6: 0, 最小延迟: — ms, 最高速率: 0.00 MiB/s, 平均速率: 0.00 MiB/s, 最高分辨率: —, 平均帧率: 未知, 视频编解码器: 未知, 音频编解码器: 未知
分类: 轮播剧场, 名称: 还原英雄最后壮烈, 总数: 2, 有效率: 0.00%, 有效: 0, IPv4: 2, IPv6: 0, 最小延迟: 7232 ms, 最高速率: 0.02 MiB/s, 平均速率: 0.00 MiB/s, 最高分辨率: —, 平均帧率: 未知, 视频编解码器: 未知, 音频编解码器: 未知
分类: 轮播剧场, 名称: 毒力觉醒异能逆袭, 总数: 2, 有效率: 0.00%, 有效: 0, IPv4: 2, IPv6: 0, 最小延迟: 8062 ms, 最高速率: 0.02 MiB/s, 平均速率: 0.00 MiB/s, 最高分辨率: —, 平均帧率: 未知, 视频编解码器: 未知, 音频编解码器: 未知
分类: 轮播剧场, 名称: 金牌喜剧班, 总数: 2, 有效率: 0.00%, 有效: 0, IPv4: 2, IPv6: 0, 最小延迟: — ms, 最高速率: 0.00 MiB/s, 平均速率: 0.00 MiB/s, 最高分辨率: —, 平均帧率: 未知, 视频编解码器: 未知, 音频编解码器: 未知
分类: 轮播剧场, 名称: 新木乃伊, 总数: 2, 有效率: 0.00%, 有效: 0, IPv4: 2, IPv6: 0, 最小延迟: 8112 ms, 最高速率: 0.01 MiB/s, 平均速率: 0.00 MiB/s, 最高分辨率: —, 平均帧率: 未知, 视频编解码器: 未知, 音频编解码器: 未知
分类: 轮播剧场, 名称: Bill Burr暴躁经典, 总数: 2, 有效率: 0.00%, 有效: 0, IPv4: 2, IPv6: 0, 最小延迟: 3277 ms, 最高速率: 0.00 MiB/s, 平均速率: 0.00 MiB/s, 最高分辨率: —, 平均帧率: 未知, 视频编解码器: 未知, 音频编解码器: 未知
分类: 轮播剧场, 名称: 高分港剧合集, 总数: 2, 有效率: 0.00%, 有效: 0, IPv4: 2, IPv6: 0, 最小延迟: — ms, 最高速率: 0.00 MiB/s, 平均速率: 0.00 MiB/s, 最高分辨率: —, 平均帧率: 未知, 视频编解码器: 未知, 音频编解码器: 未知
分类: 轮播剧场, 名称: 心动信号甜蜜发酵, 总数: 2, 有效率: 0.00%, 有效: 0, IPv4: 2, IPv6: 0, 最小延迟: 2264 ms, 最高速率: 0.00 MiB/s, 平均速率: 0.00 MiB/s, 最高分辨率: —, 平均帧率: 未知, 视频编解码器: 未知, 音频编解码器: 未知
分类: 轮播剧场, 名称: 匪帮传奇故事, 总数: 1, 有效率: 0.00%, 有效: 0, IPv4: 1, IPv6: 0, 最小延迟: — ms, 最高速率: 0.00 MiB/s, 平均速率: 0.00 MiB/s, 最高分辨率: —, 平均帧率: 未知, 视频编解码器: 未知, 音频编解码器: 未知
分类: 轮播剧场, 名称: 新时代农村青年奋斗, 总数: 2, 有效率: 0.00%, 有效: 0, IPv4: 2, IPv6: 0, 最小延迟: — ms, 最高速率: 0.00 MiB/s, 平均速率: 0.00 MiB/s, 最高分辨率: —, 平均帧率: 未知, 视频编解码器: 未知, 音频编解码器: 未知
分类: 轮播剧场, 名称: 丹尼尔·斯洛斯, 总数: 2, 有效率: 0.00%, 有效: 0, IPv4: 2, IPv6: 0, 最小延迟: — ms, 最高速率: 0.00 MiB/s, 平均速率: 0.00 MiB/s, 最高分辨率: —, 平均帧率: 未知, 视频编解码器: 未知, 音频编解码器: 未知
分类: 轮播剧场, 名称: 呆萌飞行员, 总数: 2, 有效率: 0.00%, 有效: 0, IPv4: 2, IPv6: 0, 最小延迟: — ms, 最高速率: 0.00 MiB/s, 平均速率: 0.00 MiB/s, 最高分辨率: —, 平均帧率: 未知, 视频编解码器: 未知, 音频编解码器: 未知
分类: 轮播剧场, 名称: 亚洲笑星征服美国, 总数: 2, 有效率: 0.00%, 有效: 0, IPv4: 2, IPv6: 0, 最小延迟: — ms, 最高速率: 0.00 MiB/s, 平均速率: 0.00 MiB/s, 最高分辨率: —, 平均帧率: 未知, 视频编解码器: 未知, 音频编解码器: 未知
分类: 轮播剧场, 名称: 宇宙护卫队-国漫, 总数: 2, 有效率: 0.00%, 有效: 0, IPv4: 2, IPv6: 0, 最小延迟: — ms, 最高速率: 0.00 MiB/s, 平均速率: 0.00 MiB/s, 最高分辨率: —, 平均帧率: 未知, 视频编解码器: 未知, 音频编解码器: 未知
分类: 轮播剧场, 名称: 时间的答卷第二季, 总数: 2, 有效率: 0.00%, 有效: 0, IPv4: 2, IPv6: 0, 最小延迟: — ms, 最高速率: 0.00 MiB/s, 平均速率: 0.00 MiB/s, 最高分辨率: —, 平均帧率: 未知, 视频编解码器: 未知, 音频编解码器: 未知
分类: 轮播剧场, 名称: 绝地生死营救, 总数: 1, 有效率: 0.00%, 有效: 0, IPv4: 1, IPv6: 0, 最小延迟: — ms, 最高速率: 0.00 MiB/s, 平均速率: 0.00 MiB/s, 最高分辨率: —, 平均帧率: 未知, 视频编解码器: 未知, 音频编解码器: 未知
分类: 轮播剧场, 名称: 坑你没商量, 总数: 2, 有效率: 0.00%, 有效: 0, IPv4: 2, IPv6: 0, 最小延迟: — ms, 最高速率: 0.00 MiB/s, 平均速率: 0.00 MiB/s, 最高分辨率: —, 平均帧率: 未知, 视频编解码器: 未知, 音频编解码器: 未知
分类: 轮播剧场, 名称: 憨夫憨妇闯情关, 总数: 2, 有效率: 0.00%, 有效: 0, IPv4: 2, IPv6: 0, 最小延迟: 7258 ms, 最高速率: 0.02 MiB/s, 平均速率: 0.00 MiB/s, 最高分辨率: —, 平均帧率: 未知, 视频编解码器: 未知, 音频编解码器: 未知
分类: 轮播剧场, 名称: 异地演出炸场奇遇, 总数: 2, 有效率: 0.00%, 有效: 0, IPv4: 2, IPv6: 0, 最小延迟: — ms, 最高速率: 0.00 MiB/s, 平均速率: 0.00 MiB/s, 最高分辨率: —, 平均帧率: 未知, 视频编解码器: 未知, 音频编解码器: 未知
分类: 轮播剧场, 名称: 笑果伴酒快乐中秋, 总数: 2, 有效率: 0.00%, 有效: 0, IPv4: 2, IPv6: 0, 最小延迟: — ms, 最高速率: 0.00 MiB/s, 平均速率: 0.00 MiB/s, 最高分辨率: —, 平均帧率: 未知, 视频编解码器: 未知, 音频编解码器: 未知
分类: 轮播剧场, 名称: 杰斯尼克暗黑, 总数: 2, 有效率: 0.00%, 有效: 0, IPv4: 2, IPv6: 0, 最小延迟: — ms, 最高速率: 0.00 MiB/s, 平均速率: 0.00 MiB/s, 最高分辨率: —, 平均帧率: 未知, 视频编解码器: 未知, 音频编解码器: 未知
分类: 轮播剧场, 名称: 追踪神秘狐影, 总数: 2, 有效率: 0.00%, 有效: 0, IPv4: 2, IPv6: 0, 最小延迟: — ms, 最高速率: 0.00 MiB/s, 平均速率: 0.00 MiB/s, 最高分辨率: —, 平均帧率: 未知, 视频编解码器: 未知, 音频编解码器: 未知
分类: 轮播剧场, 名称: 花木兰巾帼英雄, 总数: 2, 有效率: 0.00%, 有效: 0, IPv4: 2, IPv6: 0, 最小延迟: — ms, 最高速率: 0.00 MiB/s, 平均速率: 0.00 MiB/s, 最高分辨率: —, 平均帧率: 未知, 视频编解码器: 未知, 音频编解码器: 未知
分类: 轮播剧场, 名称: 快递小哥变身英雄, 总数: 2, 有效率: 0.00%, 有效: 0, IPv4: 2, IPv6: 0, 最小延迟: — ms, 最高速率: 0.00 MiB/s, 平均速率: 0.00 MiB/s, 最高分辨率: —, 平均帧率: 未知, 视频编解码器: 未知, 音频编解码器: 未知
分类: 轮播剧场, 名称: 异类入侵高能反转, 总数: 2, 有效率: 0.00%, 有效: 0, IPv4: 2, IPv6: 0, 最小延迟: — ms, 最高速率: 0.00 MiB/s, 平均速率: 0.00 MiB/s, 最高分辨率: —, 平均帧率: 未知, 视频编解码器: 未知, 音频编解码器: 未知
分类: 轮播剧场, 名称: 杀机四伏, 总数: 2, 有效率: 0.00%, 有效: 0, IPv4: 2, IPv6: 0, 最小延迟: — ms, 最高速率: 0.00 MiB/s, 平均速率: 0.00 MiB/s, 最高分辨率: —, 平均帧率: 未知, 视频编解码器: 未知, 音频编解码器: 未知
分类: 轮播剧场, 名称: 旺达·塞克丝, 总数: 2, 有效率: 0.00%, 有效: 0, IPv4: 2, IPv6: 0, 最小延迟: — ms, 最高速率: 0.00 MiB/s, 平均速率: 0.00 MiB/s, 最高分辨率: —, 平均帧率: 未知, 视频编解码器: 未知, 音频编解码器: 未知
分类: 轮播剧场, 名称: 为妈妈点赞, 总数: 2, 有效率: 0.00%, 有效: 0, IPv4: 2, IPv6: 0, 最小延迟: — ms, 最高速率: 0.00 MiB/s, 平均速率: 0.00 MiB/s, 最高分辨率: —, 平均帧率: 未知, 视频编解码器: 未知, 音频编解码器: 未知
分类: 轮播剧场, 名称: 狼爸硬核带娃, 总数: 2, 有效率: 0.00%, 有效: 0, IPv4: 2, IPv6: 0, 最小延迟: 7349 ms, 最高速率: 0.02 MiB/s, 平均速率: 0.00 MiB/s, 最高分辨率: —, 平均帧率: 未知, 视频编解码器: 未知, 音频编解码器: 未知
分类: 轮播剧场, 名称: 龙师傅来接招, 总数: 2, 有效率: 0.00%, 有效: 0, IPv4: 2, IPv6: 0, 最小延迟: 7267 ms, 最高速率: 0.01 MiB/s, 平均速率: 0.00 MiB/s, 最高分辨率: —, 平均帧率: 未知, 视频编解码器: 未知, 音频编解码器: 未知
分类: 轮播剧场, 名称: 闲暇观看综艺, 总数: 2, 有效率: 0.00%, 有效: 0, IPv4: 2, IPv6: 0, 最小延迟: 2530 ms, 最高速率: 0.00 MiB/s, 平均速率: 0.00 MiB/s, 最高分辨率: —, 平均帧率: 未知, 视频编解码器: 未知, 音频编解码器: 未知
分类: 轮播剧场, 名称: 武状元落魄逆袭, 总数: 2, 有效率: 0.00%, 有效: 0, IPv4: 2, IPv6: 0, 最小延迟: — ms, 最高速率: 0.00 MiB/s, 平均速率: 0.00 MiB/s, 最高分辨率: —, 平均帧率: 未知, 视频编解码器: 未知, 音频编解码器: 未知
分类: 轮播剧场, 名称: 苍狼特战突击, 总数: 1, 有效率: 0.00%, 有效: 0, IPv4: 1, IPv6: 0, 最小延迟: — ms, 最高速率: 0.00 MiB/s, 平均速率: 0.00 MiB/s, 最高分辨率: —, 平均帧率: 未知, 视频编解码器: 未知, 音频编解码器: 未知
分类: 轮播剧场, 名称: 战俘营大逃亡, 总数: 1, 有效率: 0.00%, 有效: 0, IPv4: 1, IPv6: 0, 最小延迟: — ms, 最高速率: 0.00 MiB/s, 平均速率: 0.00 MiB/s, 最高分辨率: —, 平均帧率: 未知, 视频编解码器: 未知, 音频编解码器: 未知
分类: 轮播剧场, 名称: 兵王绝境狙杀, 总数: 1, 有效率: 0.00%, 有效: 0, IPv4: 1, IPv6: 0, 最小延迟: — ms, 最高速率: 0.00 MiB/s, 平均速率: 0.00 MiB/s, 最高分辨率: —, 平均帧率: 未知, 视频编解码器: 未知, 音频编解码器: 未知
分类: 轮播剧场, 名称: 英伦特工智斗谍影, 总数: 2, 有效率: 0.00%, 有效: 0, IPv4: 2, IPv6: 0, 最小延迟: — ms, 最高速率: 0.00 MiB/s, 平均速率: 0.00 MiB/s, 最高分辨率: —, 平均帧率: 未知, 视频编解码器: 未知, 音频编解码器: 未知
分类: 轮播剧场, 名称: 颠覆秩序的声浪, 总数: 2, 有效率: 0.00%, 有效: 0, IPv4: 2, IPv6: 0, 最小延迟: — ms, 最高速率: 0.00 MiB/s, 平均速率: 0.00 MiB/s, 最高分辨率: —, 平均帧率: 未知, 视频编解码器: 未知, 音频编解码器: 未知
分类: 轮播剧场, 名称: 戴夫吐槽时代, 总数: 2, 有效率: 0.00%, 有效: 0, IPv4: 2, IPv6: 0, 最小延迟: 2494 ms, 最高速率: 0.00 MiB/s, 平均速率: 0.00 MiB/s, 最高分辨率: —, 平均帧率: 未知, 视频编解码器: 未知, 音频编解码器: 未知
分类: 轮播剧场, 名称: 重启, 总数: 2, 有效率: 0.00%, 有效: 0, IPv4: 2, IPv6: 0, 最小延迟: — ms, 最高速率: 0.00 MiB/s, 平均速率: 0.00 MiB/s, 最高分辨率: —, 平均帧率: 未知, 视频编解码器: 未知, 音频编解码器: 未知
分类: 轮播剧场, 名称: 唐门双雄战神犼, 总数: 1, 有效率: 0.00%, 有效: 0, IPv4: 1, IPv6: 0, 最小延迟: — ms, 最高速率: 0.00 MiB/s, 平均速率: 0.00 MiB/s, 最高分辨率: —, 平均帧率: 未知, 视频编解码器: 未知, 音频编解码器: 未知
分类: 轮播剧场, 名称: 体验另一种生活, 总数: 2, 有效率: 0.00%, 有效: 0, IPv4: 2, IPv6: 0, 最小延迟: — ms, 最高速率: 0.00 MiB/s, 平均速率: 0.00 MiB/s, 最高分辨率: —, 平均帧率: 未知, 视频编解码器: 未知, 音频编解码器: 未知
分类: 轮播剧场, 名称: 打破第四面墙, 总数: 2, 有效率: 0.00%, 有效: 0, IPv4: 2, IPv6: 0, 最小延迟: — ms, 最高速率: 0.00 MiB/s, 平均速率: 0.00 MiB/s, 最高分辨率: —, 平均帧率: 未知, 视频编解码器: 未知, 音频编解码器: 未知
分类: 轮播剧场, 名称: 茅山天师降魔, 总数: 1, 有效率: 0.00%, 有效: 0, IPv4: 1, IPv6: 0, 最小延迟: — ms, 最高速率: 0.00 MiB/s, 平均速率: 0.00 MiB/s, 最高分辨率: —, 平均帧率: 未知, 视频编解码器: 未知, 音频编解码器: 未知
分类: 轮播剧场, 名称: 蜀山伏魔剑, 总数: 1, 有效率: 0.00%, 有效: 0, IPv4: 1, IPv6: 0, 最小延迟: — ms, 最高速率: 0.00 MiB/s, 平均速率: 0.00 MiB/s, 最高分辨率: —, 平均帧率: 未知, 视频编解码器: 未知, 音频编解码器: 未知
分类: 轮播剧场, 名称: 你好现任, 总数: 1, 有效率: 0.00%, 有效: 0, IPv4: 1, IPv6: 0, 最小延迟: — ms, 最高速率: 0.00 MiB/s, 平均速率: 0.00 MiB/s, 最高分辨率: —, 平均帧率: 未知, 视频编解码器: 未知, 音频编解码器: 未知
分类: 轮播剧场, 名称: 非典型恋爱, 总数: 2, 有效率: 0.00%, 有效: 0, IPv4: 2, IPv6: 0, 最小延迟: — ms, 最高速率: 0.00 MiB/s, 平均速率: 0.00 MiB/s, 最高分辨率: —, 平均帧率: 未知, 视频编解码器: 未知, 音频编解码器: 未知
分类: 轮播剧场, 名称: 侏罗纪复活战, 总数: 1, 有效率: 0.00%, 有效: 0, IPv4: 1, IPv6: 0, 最小延迟: — ms, 最高速率: 0.00 MiB/s, 平均速率: 0.00 MiB/s, 最高分辨率: —, 平均帧率: 未知, 视频编解码器: 未知, 音频编解码器: 未知
分类: 轮播剧场, 名称: 天师驱魔令, 总数: 1, 有效率: 0.00%, 有效: 0, IPv4: 1, IPv6: 0, 最小延迟: — ms, 最高速率: 0.00 MiB/s, 平均速率: 0.00 MiB/s, 最高分辨率: —, 平均帧率: 未知, 视频编解码器: 未知, 音频编解码器: 未知
分类: 轮播剧场, 名称: 铁甲狂猴雷霆, 总数: 1, 有效率: 0.00%, 有效: 0, IPv4: 1, IPv6: 0, 最小延迟: — ms, 最高速率: 0.00 MiB/s, 平均速率: 0.00 MiB/s, 最高分辨率: —, 平均帧率: 未知, 视频编解码器: 未知, 音频编解码器: 未知
分类: 轮播剧场, 名称: 大闹三界奇幻冒险, 总数: 2, 有效率: 0.00%, 有效: 0, IPv4: 2, IPv6: 0, 最小延迟: — ms, 最高速率: 0.00 MiB/s, 平均速率: 0.00 MiB/s, 最高分辨率: —, 平均帧率: 未知, 视频编解码器: 未知, 音频编解码器: 未知
分类: 轮播剧场, 名称: 赵牡丹辛辣开麦, 总数: 2, 有效率: 0.00%, 有效: 0, IPv4: 2, IPv6: 0, 最小延迟: 6659 ms, 最高速率: 0.03 MiB/s, 平均速率: 0.00 MiB/s, 最高分辨率: —, 平均帧率: 未知, 视频编解码器: 未知, 音频编解码器: 未知
分类: 轮播剧场, 名称: 致命蜂群来袭, 总数: 1, 有效率: 0.00%, 有效: 0, IPv4: 1, IPv6: 0, 最小延迟: 3867 ms, 最高速率: 0.00 MiB/s, 平均速率: 0.00 MiB/s, 最高分辨率: —, 平均帧率: 未知, 视频编解码器: 未知, 音频编解码器: 未知
分类: 轮播剧场, 名称: 暗恋成真青春纯爱, 总数: 2, 有效率: 0.00%, 有效: 0, IPv4: 2, IPv6: 0, 最小延迟: — ms, 最高速率: 0.00 MiB/s, 平均速率: 0.00 MiB/s, 最高分辨率: —, 平均帧率: 未知, 视频编解码器: 未知, 音频编解码器: 未知
分类: 轮播剧场, 名称: 未来中国, 总数: 2, 有效率: 0.00%, 有效: 0, IPv4: 2, IPv6: 0, 最小延迟: — ms, 最高速率: 0.00 MiB/s, 平均速率: 0.00 MiB/s, 最高分辨率: —, 平均帧率: 未知, 视频编解码器: 未知, 音频编解码器: 未知
分类: 轮播剧场, 名称: 青龙偃月显威, 总数: 1, 有效率: 0.00%, 有效: 0, IPv4: 1, IPv6: 0, 最小延迟: — ms, 最高速率: 0.00 MiB/s, 平均速率: 0.00 MiB/s, 最高分辨率: —, 平均帧率: 未知, 视频编解码器: 未知, 音频编解码器: 未知
分类: 轮播剧场, 名称: 小小心事笑着流泪, 总数: 2, 有效率: 0.00%, 有效: 0, IPv4: 2, IPv6: 0, 最小延迟: — ms, 最高速率: 0.00 MiB/s, 平均速率: 0.00 MiB/s, 最高分辨率: —, 平均帧率: 未知, 视频编解码器: 未知, 音频编解码器: 未知
分类: 轮播剧场, 名称: 最佳时机, 总数: 2, 有效率: 0.00%, 有效: 0, IPv4: 2, IPv6: 0, 最小延迟: — ms, 最高速率: 0.00 MiB/s, 平均速率: 0.00 MiB/s, 最高分辨率: —, 平均帧率: 未知, 视频编解码器: 未知, 音频编解码器: 未知
分类: 轮播剧场, 名称: 淮水情深深, 总数: 1, 有效率: 0.00%, 有效: 0, IPv4: 1, IPv6: 0, 最小延迟: — ms, 最高速率: 0.00 MiB/s, 平均速率: 0.00 MiB/s, 最高分辨率: —, 平均帧率: 未知, 视频编解码器: 未知, 音频编解码器: 未知
分类: 轮播剧场, 名称: 爆笑诡扯记, 总数: 1, 有效率: 0.00%, 有效: 0, IPv4: 1, IPv6: 0, 最小延迟: — ms, 最高速率: 0.00 MiB/s, 平均速率: 0.00 MiB/s, 最高分辨率: —, 平均帧率: 未知, 视频编解码器: 未知, 音频编解码器: 未知
分类: 轮播剧场, 名称: 许光汉主演喜剧大片, 总数: 2, 有效率: 0.00%, 有效: 0, IPv4: 2, IPv6: 0, 最小延迟: 6652 ms, 最高速率: 0.03 MiB/s, 平均速率: 0.00 MiB/s, 最高分辨率: —, 平均帧率: 未知, 视频编解码器: 未知, 音频编解码器: 未知
分类: 轮播剧场, 名称: 巅峰救援行动, 总数: 1, 有效率: 0.00%, 有效: 0, IPv4: 1, IPv6: 0, 最小延迟: — ms, 最高速率: 0.00 MiB/s, 平均速率: 0.00 MiB/s, 最高分辨率: —, 平均帧率: 未知, 视频编解码器: 未知, 音频编解码器: 未知
分类: 轮播剧场, 名称: 就是要疯狂, 总数: 1, 有效率: 0.00%, 有效: 0, IPv4: 1, IPv6: 0, 最小延迟: — ms, 最高速率: 0.00 MiB/s, 平均速率: 0.00 MiB/s, 最高分辨率: —, 平均帧率: 未知, 视频编解码器: 未知, 音频编解码器: 未知
分类: 轮播剧场, 名称: 留学澳大利亚蓝翔梗王, 总数: 2, 有效率: 0.00%, 有效: 0, IPv4: 2, IPv6: 0, 最小延迟: 6150 ms, 最高速率: 0.02 MiB/s, 平均速率: 0.00 MiB/s, 最高分辨率: —, 平均帧率: 未知, 视频编解码器: 未知, 音频编解码器: 未知
分类: 轮播剧场, 名称: 新弦已张, 总数: 2, 有效率: 0.00%, 有效: 0, IPv4: 2, IPv6: 0, 最小延迟: — ms, 最高速率: 0.00 MiB/s, 平均速率: 0.00 MiB/s, 最高分辨率: —, 平均帧率: 未知, 视频编解码器: 未知, 音频编解码器: 未知
分类: 轮播剧场, 名称: 硬核使命, 总数: 1, 有效率: 0.00%, 有效: 0, IPv4: 1, IPv6: 0, 最小延迟: — ms, 最高速率: 0.00 MiB/s, 平均速率: 0.00 MiB/s, 最高分辨率: —, 平均帧率: 未知, 视频编解码器: 未知, 音频编解码器: 未知
分类: 轮播剧场, 名称: 热烈的玫瑰, 总数: 2, 有效率: 0.00%, 有效: 0, IPv4: 2, IPv6: 0, 最小延迟: — ms, 最高速率: 0.00 MiB/s, 平均速率: 0.00 MiB/s, 最高分辨率: —, 平均帧率: 未知, 视频编解码器: 未知, 音频编解码器: 未知
分类: 轮播剧场, 名称: 爱情拯救计划, 总数: 2, 有效率: 0.00%, 有效: 0, IPv4: 2, IPv6: 0, 最小延迟: — ms, 最高速率: 0.00 MiB/s, 平均速率: 0.00 MiB/s, 最高分辨率: —, 平均帧率: 未知, 视频编解码器: 未知, 音频编解码器: 未知
分类: 轮播剧场, 名称: 守护千年雄关, 总数: 2, 有效率: 0.00%, 有效: 0, IPv4: 2, IPv6: 0, 最小延迟: 6591 ms, 最高速率: 0.02 MiB/s, 平均速率: 0.00 MiB/s, 最高分辨率: —, 平均帧率: 未知, 视频编解码器: 未知, 音频编解码器: 未知
分类: 轮播剧场, 名称: 巨蛛嗜血狂, 总数: 1, 有效率: 0.00%, 有效: 0, IPv4: 1, IPv6: 0, 最小延迟: — ms, 最高速率: 0.00 MiB/s, 平均速率: 0.00 MiB/s, 最高分辨率: —, 平均帧率: 未知, 视频编解码器: 未知, 音频编解码器: 未知
分类: 轮播剧场, 名称: 太空异种惊魂, 总数: 1, 有效率: 0.00%, 有效: 0, IPv4: 1, IPv6: 0, 最小延迟: — ms, 最高速率: 0.00 MiB/s, 平均速率: 0.00 MiB/s, 最高分辨率: —, 平均帧率: 未知, 视频编解码器: 未知, 音频编解码器: 未知
分类: 轮播剧场, 名称: 踮脚拥抱爱情, 总数: 2, 有效率: 0.00%, 有效: 0, IPv4: 2, IPv6: 0, 最小延迟: — ms, 最高速率: 0.00 MiB/s, 平均速率: 0.00 MiB/s, 最高分辨率: —, 平均帧率: 未知, 视频编解码器: 未知, 音频编解码器: 未知
分类: 轮播剧场, 名称: 冰峰惊魂夜, 总数: 1, 有效率: 0.00%, 有效: 0, IPv4: 1, IPv6: 0, 最小延迟: 5300 ms, 最高速率: 0.02 MiB/s, 平均速率: 0.00 MiB/s, 最高分辨率: —, 平均帧率: 未知, 视频编解码器: 未知, 音频编解码器: 未知
分类: 轮播剧场, 名称: 公主战俘记, 总数: 1, 有效率: 0.00%, 有效: 0, IPv4: 1, IPv6: 0, 最小延迟: — ms, 最高速率: 0.00 MiB/s, 平均速率: 0.00 MiB/s, 最高分辨率: —, 平均帧率: 未知, 视频编解码器: 未知, 音频编解码器: 未知
分类: 轮播剧场, 名称: 破解终极密码, 总数: 2, 有效率: 0.00%, 有效: 0, IPv4: 2, IPv6: 0, 最小延迟: — ms, 最高速率: 0.00 MiB/s, 平均速率: 0.00 MiB/s, 最高分辨率: —, 平均帧率: 未知, 视频编解码器: 未知, 音频编解码器: 未知
分类: 轮播剧场, 名称: 哮天犬闹龙宫, 总数: 1, 有效率: 0.00%, 有效: 0, IPv4: 1, IPv6: 0, 最小延迟: — ms, 最高速率: 0.00 MiB/s, 平均速率: 0.00 MiB/s, 最高分辨率: —, 平均帧率: 未知, 视频编解码器: 未知, 音频编解码器: 未知
分类: 轮播剧场, 名称: 赛道争锋, 总数: 2, 有效率: 0.00%, 有效: 0, IPv4: 2, IPv6: 0, 最小延迟: — ms, 最高速率: 0.00 MiB/s, 平均速率: 0.00 MiB/s, 最高分辨率: —, 平均帧率: 未知, 视频编解码器: 未知, 音频编解码器: 未知
分类: 轮播剧场, 名称: 大铸剑师传奇, 总数: 1, 有效率: 0.00%, 有效: 0, IPv4: 1, IPv6: 0, 最小延迟: — ms, 最高速率: 0.00 MiB/s, 平均速率: 0.00 MiB/s, 最高分辨率: —, 平均帧率: 未知, 视频编解码器: 未知, 音频编解码器: 未知
分类: 轮播剧场, 名称: 横行不霸道, 总数: 1, 有效率: 0.00%, 有效: 0, IPv4: 1, IPv6: 0, 最小延迟: 5964 ms, 最高速率: 0.02 MiB/s, 平均速率: 0.00 MiB/s, 最高分辨率: —, 平均帧率: 未知, 视频编解码器: 未知, 音频编解码器: 未知
分类: 轮播剧场, 名称: 仙剑风云再起, 总数: 1, 有效率: 0.00%, 有效: 0, IPv4: 1, IPv6: 0, 最小延迟: — ms, 最高速率: 0.00 MiB/s, 平均速率: 0.00 MiB/s, 最高分辨率: —, 平均帧率: 未知, 视频编解码器: 未知, 音频编解码器: 未知
分类: 轮播剧场, 名称: 特派先锋出击, 总数: 1, 有效率: 0.00%, 有效: 0, IPv4: 1, IPv6: 0, 最小延迟: 6345 ms, 最高速率: 0.02 MiB/s, 平均速率: 0.00 MiB/s, 最高分辨率: —, 平均帧率: 未知, 视频编解码器: 未知, 音频编解码器: 未知
分类: 轮播剧场, 名称: 绝对忠诚使命, 总数: 1, 有效率: 0.00%, 有效: 0, IPv4: 1, IPv6: 0, 最小延迟: — ms, 最高速率: 0.00 MiB/s, 平均速率: 0.00 MiB/s, 最高分辨率: —, 平均帧率: 未知, 视频编解码器: 未知, 音频编解码器: 未知
分类: 轮播剧场, 名称: 24H地下交通站全, 总数: 2, 有效率: 0.00%, 有效: 0, IPv4: 2, IPv6: 0, 最小延迟: — ms, 最高速率: 0.00 MiB/s, 平均速率: 0.00 MiB/s, 最高分辨率: —, 平均帧率: 未知, 视频编解码器: 未知, 音频编解码器: 未知
